Term/Year Code,College,Dept,Degree,Major code,Major Name,Total,Men,Women,Non-Binary,Caucasian,Asian American,African American,Hispanic,Native American
,,,,,,,,,,,,,,
2005 ,KL ,470 ,BS ,0009 ,"Agribusiness, Farm & Financial ",82,49,33,0,70,5,4,2,0
2005 ,KL ,470 ,BS ,0009 ,"Agribusiness, Farm & Financial ",67,50,17,0,52,3,6,6,0
2005 ,KL ,470 ,BS ,0009 ,"Agribusiness, Farm & Financial ",40,36,3,1,37,1,0,0,0
2005 ,KL ,470 ,BS ,0009 ,"Agribusiness, Farm & Financial ",128,97,30,1,117,2,6,3,0
2005 ,KL ,470 ,BS ,0014 ,Consumer and Textile Marketing ,54,2,52,0,44,6,4,0,0
2005 ,KL ,470 ,BS ,0017 ,"Intl, Resource, Consumer Econ ",104,67,37,0,83,8,5,5,0
2005 ,KL ,470 ,BS ,0017 ,"Intl, Resource, Consumer Econ ",16,7,9,0,14,1,1,0,0
2005 ,KL ,470 ,BS ,0017 ,"Intl, Resource, Consumer Econ ",1,1,0,0,0,1,0,0,0
2005 ,KL ,470 ,BS ,0017 ,"Intl, Resource, Consumer Econ ",53,30,23,0,34,11,2,4,0
2005 ,KL ,470 ,MS ,0176 ,Agr & Consumer Economics ,28,16,12,0,16,1,1,0,0
2005 ,KL ,470 ,PHD ,0001 ,Agricultural Economics ,1,1,0,0,0,0,1,0,0
2005 ,KL ,470 ,PHD ,0176 ,Agr & Consumer Economics ,55,33,22,0,9,2,0,0,0
2005 ,KL ,483 ,NDEG ,0067 ,Nondegree ,11,5,6,0,1,0,0,0,0
2005 ,KL ,538 ,BS ,0002 ,Animal Sciences ,1,0,1,0,1,0,0,0,0
2005 ,KL ,538 ,BS ,0002 ,Animal Sciences ,23,14,9,0,22,1,0,0,0
2005 ,KL ,538 ,BS ,0002 ,Animal Sciences ,115,17,98,0,104,7,3,1,0
2005 ,KL ,538 ,BS ,0002 ,Animal Sciences ,26,11,15,0,26,0,0,0,0
2005 ,KL ,538 ,BS ,0002 ,Animal Sciences ,342,84,258,0,293,12,8,19,0
2005 ,KL ,538 ,MS ,0002 ,Animal Sciences ,54,17,37,0,44,2,0,1,0
2005 ,KL ,538 ,PHD ,0002 ,Animal Sciences ,37,20,17,0,20,2,0,1,0
2005 ,KL ,698 ,BS ,0037 ,Food Science & Human Nutrition ,54,22,32,0,31,12,4,1,0
2005 ,KL ,698 ,BS ,0037 ,Food Science & Human Nutrition ,37,20,17,0,30,1,5,0,0
2005 ,KL ,698 ,BS ,0037 ,Food Science & Human Nutrition ,90,20,70,0,64,18,4,3,0
2005 ,KL ,698 ,BS ,0037 ,Food Science & Human Nutrition ,107,1,106,0,90,11,2,3,0
2005 ,KL ,698 ,BS ,0037 ,Food Science & Human Nutrition ,106,36,70,0,82,11,2,5,0
2005 ,KL ,698 ,MS ,0037 ,Food Science & Human Nutrition ,19,2,17,0,7,3,1,0,0
2005 ,KL ,698 ,PHD ,0037 ,Food Science & Human Nutrition ,27,8,19,0,9,1,0,1,0
2005 ,KL ,741 ,BS ,0025 ,Technical Systems Management ,56,52,4,0,49,0,2,3,0
2005 ,KL ,741 ,BS ,0025 ,Technical Systems Management ,4,4,0,0,4,0,0,0,0
2005 ,KL ,741 ,BS ,0025 ,Technical Systems Management ,1,1,0,0,1,0,0,0,0
2005 ,KL ,741 ,BS ,0025 ,Technical Systems Management ,31,29,2,0,28,0,0,3,0
2005 ,KL ,741 ,BSAG ,0029 ,Agr Engineering & Agr Science ,37,34,3,0,33,2,0,1,0
2005 ,KL ,793 ,BS ,0043 ,Agr & Environmental Cmc & Educ ,52,10,42,0,43,0,6,2,0
2005 ,KL ,793 ,BS ,0043 ,Agr & Environmental Cmc & Educ ,9,3,6,0,9,0,0,0,0
2005 ,KL ,793 ,BS ,0043 ,Agr & Environmental Cmc & Educ ,11,5,6,0,9,0,2,0,0
2005 ,KL ,793 ,BS ,0043 ,Agr & Environmental Cmc & Educ ,31,12,19,0,31,0,0,0,0
2005 ,KL ,793 ,BS ,0048 ,Human Development & Family St ,148,5,143,0,120,6,11,7,0
2005 ,KL ,793 ,BS ,0048 ,Human Development & Family St ,68,8,59,1,57,6,2,3,0
2005 ,KL ,793 ,MS ,0181 ,Agricultural Education ,7,1,6,0,6,0,0,0,0
2005 ,KL ,793 ,MS ,0183 ,Human & Community Development ,7,0,7,0,7,0,0,0,0
2005 ,KL ,793 ,NDEG ,0183 ,Human & Community Development ,2,2,0,0,2,0,0,0,0
2005 ,KL ,793 ,PHD ,0183 ,Human & Community Development ,22,4,18,0,8,3,4,1,0
2005 ,KL ,802 ,BS ,0030 ,Crop Sciences ,2,2,0,0,2,0,0,0,0
2005 ,KL ,802 ,BS ,0030 ,Crop Sciences ,24,20,4,0,23,1,0,0,0
2005 ,KL ,802 ,BS ,0030 ,Crop Sciences ,29,28,1,0,28,0,0,0,0
2005 ,KL ,802 ,BS ,0030 ,Crop Sciences ,27,15,11,1,23,2,1,1,0
2005 ,KL ,802 ,BS ,0030 ,Crop Sciences ,12,4,8,0,8,0,1,3,0
2005 ,KL ,802 ,MS ,0030 ,Crop Sciences ,31,11,20,0,19,1,0,0,0
2005 ,KL ,802 ,PHD ,0030 ,Crop Sciences ,24,17,7,0,11,1,0,0,0
2005 ,KL ,875 ,BS ,0023 ,Forestry ,1,1,0,0,1,0,0,0,0
2005 ,KL ,875 ,BS ,0051 ,Natural Resrcs & Environ Sci ,10,7,3,0,8,1,0,1,0
2005 ,KL ,875 ,BS ,0051 ,Natural Resrcs & Environ Sci ,6,2,4,0,6,0,0,0,0
2005 ,KL ,875 ,BS ,0051 ,Natural Resrcs & Environ Sci ,2,0,2,0,2,0,0,0,0
2005 ,KL ,875 ,BS ,0051 ,Natural Resrcs & Environ Sci ,73,54,19,0,66,2,0,1,0
2005 ,KL ,875 ,BS ,0051 ,Natural Resrcs & Environ Sci ,18,16,2,0,16,0,0,1,0
2005 ,KL ,875 ,BS ,0051 ,Natural Resrcs & Environ Sci ,31,10,21,0,28,2,0,0,0
2005 ,KL ,875 ,BS ,0051 ,Natural Resrcs & Environ Sci ,44,27,17,0,38,3,1,0,1
2005 ,KL ,875 ,BS ,0051 ,Natural Resrcs & Environ Sci ,12,6,6,0,11,1,0,0,0
2005 ,KL ,875 ,BS ,0063 ,Horticulture ,12,10,2,0,10,2,0,0,0
2005 ,KL ,875 ,BS ,0063 ,Horticulture ,54,34,20,0,49,0,0,3,0
2005 ,KL ,875 ,BS ,0063 ,Horticulture ,6,4,2,0,6,0,0,0,0
2005 ,KL ,875 ,MS ,0190 ,Natural Res & Env Sciences ,56,25,31,0,43,3,1,0,0
2005 ,KL ,875 ,MS ,0190 ,Natural Res & Env Sciences ,1,0,1,0,1,0,0,0,0
2005 ,KL ,875 ,NDEG ,0190 ,Natural Res & Env Sciences ,5,3,2,0,4,1,0,0,0
2005 ,KL ,875 ,PHD ,0190 ,Natural Res & Env Sciences ,32,20,12,0,16,2,0,0,0
2005 ,KL ,971 ,MS ,0191 ,Nutritional Sciences ,25,2,23,0,18,2,0,1,0
2005 ,KL ,971 ,PHD ,0191 ,Nutritional Sciences ,28,8,20,0,13,1,1,2,0
 ,,,,,,,,,,,,,,
 ,,,,,,,,,,,,,,
2005 ,KM ,230 ,MBA ,9875 ,Business Administration (MBA) ,182,127,55,0,51,14,8,3,1
2005 ,KM ,260 ,BS ,0075 ,Finance ,7,4,3,0,5,0,0,0,0
2005 ,KM ,260 ,BS ,0075 ,Finance ,796,567,228,1,531,136,26,41,1
2005 ,KM ,260 ,MS ,0075 ,Finance ,2,1,1,0,0,0,0,0,0
2005 ,KM ,260 ,MS ,0075 ,Finance ,75,39,34,2,5,4,2,1,0
2005 ,KM ,260 ,PHD ,0075 ,Finance ,16,11,5,0,6,0,0,0,0
2005 ,KM ,346 ,BS ,0071 ,Accountancy ,848,482,365,1,516,129,40,48,2
2005 ,KM ,346 ,BS ,0071 ,Accountancy ,85,42,43,0,56,17,2,3,0
2005 ,KM ,346 ,MAS ,0071 ,Accountancy ,112,65,47,0,77,14,1,4,0
2005 ,KM ,346 ,MS ,0071 ,Accountancy ,36,18,18,0,20,14,0,2,0
2005 ,KM ,346 ,MS ,0071 ,Accountancy ,20,10,9,1,13,1,2,1,0
2005 ,KM ,346 ,MS ,0071 ,Accountancy ,80,30,50,0,5,6,0,0,0
2005 ,KM ,346 ,NDEG ,0071 ,Accountancy ,56,26,30,0,43,6,0,2,0
2005 ,KM ,346 ,PHD ,0071 ,Accountancy ,24,14,10,0,10,2,1,0,0
2005 ,KM ,902 ,BS ,0079 ,Business Administration ,453,179,274,0,304,54,23,40,1
2005 ,KM ,902 ,BS ,0079 ,Business Administration ,98,40,58,0,73,13,5,5,0
2005 ,KM ,902 ,BS ,0079 ,Business Administration ,2,1,1,0,1,0,0,0,0
2005 ,KM ,902 ,BS ,0079 ,Business Administration ,62,40,22,0,37,10,4,5,0
2005 ,KM ,902 ,BS ,0079 ,Business Administration ,28,21,7,0,18,4,0,1,0
2005 ,KM ,902 ,BS ,0079 ,Business Administration ,84,59,25,0,48,14,8,6,0
2005 ,KM ,902 ,BS ,0079 ,Business Administration ,114,86,28,0,70,12,18,4,0
2005 ,KM ,902 ,BS ,0079 ,Business Administration ,3,2,1,0,2,1,0,0,0
2005 ,KM ,902 ,MS ,0079 ,Business Administration ,14,10,4,0,0,0,0,0,0
2005 ,KM ,902 ,MS ,0079 ,Business Administration ,41,25,16,0,0,1,0,0,0
2005 ,KM ,902 ,PHD ,0079 ,Business Administration ,53,27,26,0,13,4,0,2,0
2005 ,KM ,938 ,MBA ,9875 ,Business Administration (MBA) ,56,44,12,0,39,6,4,2,1
2005 ,KM ,952 ,BS ,0074 ,Economics ,16,12,4,0,8,5,0,1,0
2005 ,KM ,952 ,NDEG ,0067 ,Nondegree ,34,18,16,0,1,0,0,0,0
2005 ,KM ,952 ,NONE ,0070 ,Curric Unassigned ,363,220,142,1,250,47,18,23,1
 ,,,,,,,,,,,,,,
 ,,,,,,,,,,,,,,
2005 ,KN ,335 ,BS ,0092 ,Education General ,1,1,0,0,1,0,0,0,0
2005 ,KN ,335 ,NDEG ,0067 ,Nondegree ,6,1,5,0,1,0,0,0,0
2005 ,KN ,335 ,NONE ,0092 ,Education General ,284,31,252,1,222,14,14,25,3
2005 ,KN ,570 ,BS ,0093 ,Special Education ,76,4,72,0,71,1,3,0,0
2005 ,KN ,570 ,CAS ,0093 ,Special Education ,1,0,1,0,1,0,0,0,0
2005 ,KN ,570 ,EDM ,0093 ,Special Education ,32,1,31,0,20,3,3,3,0
2005 ,KN ,570 ,MA ,0093 ,Special Education ,6,0,6,0,4,1,0,0,0
2005 ,KN ,570 ,MS ,0093 ,Special Education ,11,2,9,0,9,1,0,0,0
2005 ,KN ,570 ,PHD ,0093 ,Special Education ,31,8,23,0,16,1,1,0,0
2005 ,KN ,613 ,BS ,0094 ,Early Childhood Education ,2,0,2,0,1,1,0,0,0
2005 ,KN ,613 ,BS ,0094 ,Early Childhood Education ,1,0,1,0,0,0,0,1,0
2005 ,KN ,613 ,BS ,0094 ,Early Childhood Education ,3,0,3,0,3,0,0,0,0
2005 ,KN ,613 ,BS ,0094 ,Early Childhood Education ,14,0,14,0,12,1,0,1,0
2005 ,KN ,613 ,BS ,0094 ,Early Childhood Education ,7,1,6,0,7,0,0,0,0
2005 ,KN ,613 ,BS ,0094 ,Early Childhood Education ,1,0,1,0,1,0,0,0,0
2005 ,KN ,613 ,BS ,0094 ,Early Childhood Education ,18,1,17,0,15,1,0,0,0
2005 ,KN ,613 ,BS ,0094 ,Early Childhood Education ,3,0,3,0,3,0,0,0,0
2005 ,KN ,613 ,BS ,0094 ,Early Childhood Education ,1,0,1,0,1,0,0,0,0
2005 ,KN ,613 ,BS ,0094 ,Early Childhood Education ,8,0,8,0,3,2,0,2,1
2005 ,KN ,613 ,BS ,0095 ,Elementary Education ,3,1,2,0,3,0,0,0,0
2005 ,KN ,613 ,BS ,0095 ,Elementary Education ,1,1,0,0,1,0,0,0,0
2005 ,KN ,613 ,BS ,0095 ,Elementary Education ,1,0,1,0,0,1,0,0,0
2005 ,KN ,613 ,BS ,0095 ,Elementary Education ,4,0,4,0,4,0,0,0,0
2005 ,KN ,613 ,BS ,0095 ,Elementary Education ,5,3,2,0,4,1,0,0,0
2005 ,KN ,613 ,BS ,0095 ,Elementary Education ,19,3,16,0,18,1,0,0,0
2005 ,KN ,613 ,BS ,0095 ,Elementary Education ,58,1,57,0,48,1,7,2,0
2005 ,KN ,613 ,BS ,0095 ,Elementary Education ,94,6,88,0,71,17,2,4,0
2005 ,KN ,613 ,BS ,0095 ,Elementary Education ,1,0,1,0,1,0,0,0,0
2005 ,KN ,613 ,BS ,0095 ,Elementary Education ,41,2,39,0,36,1,2,0,0
2005 ,KN ,613 ,BS ,0095 ,Elementary Education ,16,1,15,0,14,1,1,0,0
2005 ,KN ,613 ,BS ,0095 ,Elementary Education ,4,0,4,0,4,0,0,0,0
2005 ,KN ,613 ,BS ,0095 ,Elementary Education ,55,2,53,0,46,2,1,5,0
2005 ,KN ,613 ,CAS ,0095 ,Elementary Education ,1,0,1,0,1,0,0,0,0
2005 ,KN ,613 ,EDD ,0095 ,Elementary Education ,1,0,1,0,1,0,0,0,0
2005 ,KN ,613 ,EDD ,0215 ,Secondary & Continuing Educ ,3,1,2,0,1,0,2,0,0
2005 ,KN ,613 ,EDM ,0094 ,Early Childhood Education ,2,0,2,0,2,0,0,0,0
2005 ,KN ,613 ,EDM ,0095 ,Elementary Education ,30,0,30,0,21,0,3,1,0
2005 ,KN ,613 ,EDM ,0095 ,Elementary Education ,15,4,11,0,11,2,2,0,0
2005 ,KN ,613 ,EDM ,0208 ,Education ,1,1,0,0,1,0,0,0,0
2005 ,KN ,613 ,EDM ,0215 ,Secondary & Continuing Educ ,9,3,6,0,5,0,1,0,0
2005 ,KN ,613 ,EDM ,0215 ,Secondary & Continuing Educ ,5,2,3,0,5,0,0,0,0
2005 ,KN ,613 ,EDM ,0215 ,Secondary & Continuing Educ ,7,5,2,0,6,0,0,0,0
2005 ,KN ,613 ,EDM ,0215 ,Secondary & Continuing Educ ,11,5,6,0,8,1,1,1,0
2005 ,KN ,613 ,EDM ,0215 ,Secondary & Continuing Educ ,7,5,2,0,6,0,0,1,0
2005 ,KN ,613 ,MA ,0095 ,Elementary Education ,10,0,10,0,1,2,0,0,0
2005 ,KN ,613 ,MS ,0095 ,Elementary Education ,6,2,4,0,3,0,0,1,0
2005 ,KN ,613 ,MS ,0215 ,Secondary & Continuing Educ ,3,2,1,0,1,1,1,0,0
2005 ,KN ,613 ,PHD ,0095 ,Elementary Education ,43,10,33,0,10,0,2,1,0
2005 ,KN ,613 ,PHD ,0215 ,Secondary & Continuing Educ ,67,25,42,0,19,2,5,1,0
2005 ,KN ,616 ,EDM ,0210 ,Educational Psychology ,1,0,1,0,0,0,0,0,0
2005 ,KN ,616 ,MA ,0210 ,Educational Psychology ,1,0,1,0,1,0,0,0,0
2005 ,KN ,616 ,NDEG ,0210 ,Educational Psychology ,2,0,2,0,2,0,0,0,0
2005 ,KN ,616 ,PHD ,0208 ,Education ,1,0,1,0,0,0,0,0,0
2005 ,KN ,616 ,PHD ,0210 ,Educational Psychology ,120,34,86,0,44,5,9,6,0
2005 ,KN ,640 ,EDD ,0220 ,Educational Policy Studies ,3,1,2,0,0,0,0,1,0
2005 ,KN ,640 ,EDM ,0220 ,Educational Policy Studies ,6,2,4,0,1,1,2,1,1
2005 ,KN ,640 ,MA ,0220 ,Educational Policy Studies ,36,13,23,0,10,3,9,9,2
2005 ,KN ,640 ,NDEG ,0220 ,Educational Policy Studies ,1,0,1,0,0,0,1,0,0
2005 ,KN ,640 ,PHD ,0220 ,Educational Policy Studies ,89,25,64,0,21,6,25,17,3
2005 ,KN ,674 ,CAS ,0208 ,Education ,1,0,1,0,1,0,0,0,0
2005 ,KN ,674 ,CAS ,0209 ,Ed Organization and Leadership ,7,1,6,0,7,0,0,0,0
2005 ,KN ,674 ,EDD ,0209 ,Ed Organization and Leadership ,46,18,28,0,36,0,6,2,0
2005 ,KN ,674 ,EDD ,0209 ,Ed Organization and Leadership ,2,1,1,0,1,0,0,1,0
2005 ,KN ,674 ,EDM ,0208 ,Education ,1,1,0,0,1,0,0,0,0
2005 ,KN ,674 ,EDM ,0209 ,Ed Organization and Leadership ,47,15,32,0,38,1,6,1,0
2005 ,KN ,674 ,MA ,0208 ,Education ,1,0,1,0,1,0,0,0,0
2005 ,KN ,674 ,MA ,0209 ,Ed Organization and Leadership ,3,0,3,0,3,0,0,0,0
2005 ,KN ,674 ,MS ,0209 ,Ed Organization and Leadership ,1,0,1,0,0,0,1,0,0
2005 ,KN ,674 ,PHD ,0209 ,Ed Organization and Leadership ,21,12,9,0,11,0,6,1,0
2005 ,KN ,760 ,EDD ,0208 ,Education ,1,0,1,0,1,0,0,0,0
2005 ,KN ,760 ,EDD ,0222 ,Educ Voc Tech ,9,5,4,0,4,0,1,0,0
2005 ,KN ,760 ,EDM ,0222 ,Educ Voc Tech ,26,4,22,0,14,0,6,0,0
2005 ,KN ,760 ,EDM ,0222 ,Educ Voc Tech ,1,0,1,0,0,0,1,0,0
2005 ,KN ,760 ,MA ,0222 ,Educ Voc Tech ,7,0,7,0,3,0,2,0,0
2005 ,KN ,760 ,MS ,0222 ,Educ Voc Tech ,5,1,4,0,3,0,0,0,0
2005 ,KN ,760 ,PHD ,0222 ,Educ Voc Tech ,47,22,25,0,16,0,5,1,0
 ,,,,,,,,,,,,,,
 ,,,,,,,,,,,,,,
2005 ,KP ,210 ,BS ,0118 ,Engineering Mechanics ,78,63,15,0,69,3,1,2,0
2005 ,KP ,210 ,MS ,0242 ,Theoretical & Applied Mechans ,9,7,2,0,8,0,0,0,0
2005 ,KP ,210 ,PHD ,0242 ,Theoretical & Applied Mechans ,58,51,7,0,15,2,0,0,0
2005 ,KP ,227 ,BS ,0102 ,Agricultural Engineering ,58,50,8,0,50,2,2,3,0
2005 ,KP ,227 ,MS ,0102 ,Agricultural Engineering ,12,9,3,0,10,0,0,0,0
2005 ,KP ,227 ,NDEG ,0067 ,Nondegree ,83,65,18,0,9,2,1,0,0
2005 ,KP ,227 ,PHD ,0102 ,Agricultural Engineering ,23,18,5,0,1,2,0,1,0
2005 ,KP ,244 ,BS ,0121 ,Engineering Physics ,101,87,14,0,83,9,1,3,0
2005 ,KP ,244 ,MS ,0240 ,Physics ,2,2,0,0,1,0,0,0,0
2005 ,KP ,244 ,NDEG ,0240 ,Physics ,1,1,0,0,1,0,0,0,0
2005 ,KP ,244 ,PHD ,0240 ,Physics ,293,255,38,0,145,16,2,4,0
2005 ,KP ,251 ,BS ,0106 ,Civil Engineering ,493,393,100,0,380,51,5,28,2
2005 ,KP ,251 ,MS ,0106 ,Civil Engineering ,151,120,31,0,85,8,4,8,1
2005 ,KP ,251 ,MS ,0231 ,Environ Engr in Civil Engr ,30,14,16,0,13,2,2,1,0
2005 ,KP ,251 ,MS ,0232 ,Environ Science in Civil Engr ,5,2,3,0,3,1,0,0,0
2005 ,KP ,251 ,NDEG ,0106 ,Civil Engineering ,1,0,1,0,0,0,0,0,0
2005 ,KP ,251 ,PHD ,0106 ,Civil Engineering ,150,128,22,0,20,6,1,1,0
2005 ,KP ,251 ,PHD ,0231 ,Environ Engr in Civil Engr ,31,19,12,0,10,1,0,0,0
2005 ,KP ,251 ,PHD ,0232 ,Environ Science in Civil Engr ,9,7,2,0,0,0,0,0,0
2005 ,KP ,343 ,BS ,0408 ,Bioengineering ,52,37,15,0,32,16,1,0,0
2005 ,KP ,343 ,MS ,0408 ,Bioengineering ,2,1,1,0,1,0,0,0,0
2005 ,KP ,343 ,PHD ,0408 ,Bioengineering ,6,2,4,0,4,0,0,0,0
2005 ,KP ,422 ,BS ,0124 ,General Engineering ,601,489,112,0,464,77,12,27,1
2005 ,KP ,422 ,MS ,0124 ,General Engineering ,23,20,3,0,9,2,1,1,0
2005 ,KP ,422 ,MS ,3846 ,Systems & Entrepreneurial Engr ,4,2,2,0,0,1,0,0,0
2005 ,KP ,422 ,PHD ,3846 ,Systems & Entrepreneurial Engr ,23,22,1,0,7,0,1,0,0
2005 ,KP ,434 ,BS ,0112 ,Computer Science ,644,583,59,2,420,132,9,27,2
2005 ,KP ,434 ,BS ,0112 ,Computer Science ,6,6,0,0,1,4,0,0,0
2005 ,KP ,434 ,MCS ,0112 ,Computer Science ,11,8,3,0,6,0,1,1,0
2005 ,KP ,434 ,MS ,0112 ,Computer Science ,54,51,3,0,21,9,0,1,0
2005 ,KP ,434 ,MS ,0112 ,Computer Science ,10,9,1,0,6,1,0,0,0
2005 ,KP ,434 ,NDEG ,0112 ,Computer Science ,3,3,0,0,0,0,0,0,0
2005 ,KP ,434 ,PHD ,0112 ,Computer Science ,336,283,53,0,85,31,2,2,0
2005 ,KP ,615 ,BS ,4048 ,Aerospace Engineering ,349,297,52,0,264,45,4,12,1
2005 ,KP ,615 ,MS ,0099 ,Aero & Astro Engineering ,25,24,1,0,20,1,1,0,0
2005 ,KP ,615 ,MS ,4048 ,Aerospace Engineering ,24,22,2,0,16,3,1,0,0
2005 ,KP ,615 ,NDEG ,4048 ,Aerospace Engineering ,1,1,0,0,0,0,0,0,0
2005 ,KP ,615 ,PHD ,0099 ,Aero & Astro Engineering ,23,18,5,0,10,1,0,0,0
2005 ,KP ,615 ,PHD ,4048 ,Aerospace Engineering ,7,6,1,0,1,0,0,0,0
2005 ,KP ,917 ,BS ,0127 ,Industrial Engineering ,66,43,23,0,47,9,0,2,0
2005 ,KP ,917 ,BS ,0133 ,Mechanical Engineering ,819,724,92,3,602,116,16,36,1
2005 ,KP ,917 ,BS ,0133 ,Mechanical Engineering ,10,9,1,0,9,1,0,0,0
2005 ,KP ,917 ,MS ,0127 ,Industrial Engineering ,4,2,2,0,0,1,0,0,0
2005 ,KP ,917 ,MS ,0133 ,Mechanical Engineering ,99,88,11,0,56,8,1,4,3
2005 ,KP ,917 ,MS ,0133 ,Mechanical Engineering ,1,1,0,0,1,0,0,0,0
2005 ,KP ,917 ,MS ,0133 ,Mechanical Engineering ,6,5,1,0,5,1,0,0,0
2005 ,KP ,917 ,PHD ,0127 ,Industrial Engineering ,11,9,2,0,3,0,0,0,0
2005 ,KP ,917 ,PHD ,0133 ,Mechanical Engineering ,120,104,16,0,27,5,2,2,0
2005 ,KP ,919 ,BS ,0130 ,Materials Science & Engr ,212,165,47,0,146,33,6,5,1
2005 ,KP ,919 ,MS ,0130 ,Materials Science & Engr ,8,6,2,0,3,3,0,1,0
2005 ,KP ,919 ,NDEG ,0130 ,Materials Science & Engr ,3,3,0,0,0,0,0,0,0
2005 ,KP ,919 ,PHD ,0130 ,Materials Science & Engr ,160,114,46,0,51,14,1,3,0
2005 ,KP ,933 ,BS ,0109 ,Computer Engineering ,563,520,42,1,309,130,24,32,0
2005 ,KP ,933 ,BS ,0115 ,Electrical Engineering ,855,748,107,0,347,290,19,24,2
2005 ,KP ,933 ,MS ,0115 ,Electrical Engineering ,246,217,29,0,111,47,4,3,0
2005 ,KP ,933 ,NDEG ,0115 ,Electrical Engineering ,5,5,0,0,1,0,0,0,0
2005 ,KP ,933 ,PHD ,0115 ,Electrical Engineering ,300,253,47,0,72,46,1,4,0
2005 ,KP ,973 ,BS ,0139 ,Nuclear Engineering ,95,84,11,0,78,10,0,5,0
2005 ,KP ,973 ,MS ,0139 ,Nuclear Engineering ,16,13,3,0,11,2,1,0,0
2005 ,KP ,973 ,PHD ,0139 ,Nuclear Engineering ,48,39,9,0,15,2,1,1,0
 ,,,,,,,,,,,,,,
 ,,,,,,,,,,,,,,
2005 ,KR ,447 ,NDEG ,0067 ,Nondegree ,29,16,13,0,12,1,1,0,0
2005 ,KR ,495 ,AMUSD ,0265 ,Music ,156,65,91,0,68,10,3,4,0
2005 ,KR ,495 ,BA ,0265 ,Music ,3,2,1,0,2,1,0,0,0
2005 ,KR ,495 ,BME ,0168 ,Music Education ,1,0,1,0,1,0,0,0,0
2005 ,KR ,495 ,BME ,0168 ,Music Education ,61,19,42,0,52,6,0,2,0
2005 ,KR ,495 ,BME ,0168 ,Music Education ,135,62,73,0,115,10,2,4,1
2005 ,KR ,495 ,BME ,0168 ,Music Education ,4,1,3,0,4,0,0,0,0
2005 ,KR ,495 ,BMUS ,0157 ,Voice ,19,3,16,0,13,2,3,0,0
2005 ,KR ,495 ,BMUS ,0158 ,Instrumental Music ,122,52,70,0,90,10,3,3,0
2005 ,KR ,495 ,BMUS ,0159 ,Music Composition ,9,8,1,0,6,0,0,0,0
2005 ,KR ,495 ,BMUS ,0160 ,Music History ,1,0,1,0,1,0,0,0,0
2005 ,KR ,495 ,BMUS ,0161 ,Open Studies ,20,15,5,0,15,0,1,1,0
2005 ,KR ,495 ,EDD ,0168 ,Music Education ,11,9,2,0,10,0,0,0,0
2005 ,KR ,495 ,MME ,0168 ,Music Education ,15,10,5,0,11,0,1,0,1
2005 ,KR ,495 ,MMUS ,0265 ,Music ,108,53,55,0,75,10,1,3,0
2005 ,KR ,495 ,NDEG ,0265 ,Music ,3,0,3,0,2,1,0,0,0
2005 ,KR ,495 ,PHD ,0265 ,Music ,7,3,4,0,2,0,0,0,0
2005 ,KR ,495 ,PHD ,1481 ,Musicology ,10,5,5,0,5,1,1,1,0
2005 ,KR ,526 ,BFA ,0148 ,Graphic Design ,75,21,54,0,45,17,2,5,0
2005 ,KR ,526 ,BFA ,0149 ,Crafts ,9,3,6,0,8,0,0,1,0
2005 ,KR ,526 ,BFA ,0149 ,Crafts ,4,2,2,0,3,1,0,0,0
2005 ,KR ,526 ,BFA ,0149 ,Crafts ,9,2,7,0,6,1,0,2,0
2005 ,KR ,526 ,BFA ,0150 ,History of Art ,22,3,19,0,15,2,1,2,0
2005 ,KR ,526 ,BFA ,0151 ,Photography ,33,11,22,0,30,3,0,0,0
2005 ,KR ,526 ,BFA ,0152 ,Industrial Design ,98,47,51,0,64,18,2,6,0
2005 ,KR ,526 ,BFA ,0153 ,Painting ,48,16,32,0,41,3,1,2,0
2005 ,KR ,526 ,BFA ,0154 ,Sculpture ,15,8,7,0,9,3,3,0,0
2005 ,KR ,526 ,BFA ,0169 ,Art Education ,78,10,68,0,73,3,2,0,0
2005 ,KR ,526 ,EDD ,0169 ,Art Education ,12,2,10,0,5,1,0,0,0
2005 ,KR ,526 ,MA ,0169 ,Art Education ,16,5,11,0,12,2,1,0,0
2005 ,KR ,526 ,MA ,0250 ,Art History ,15,2,13,0,11,1,1,0,0
2005 ,KR ,526 ,MFA ,0252 ,Art and Design ,3,3,0,0,3,0,0,0,0
2005 ,KR ,526 ,MFA ,0252 ,Art and Design ,6,0,6,0,1,2,1,0,0
2005 ,KR ,526 ,MFA ,0252 ,Art and Design ,6,5,1,0,6,0,0,0,0
2005 ,KR ,526 ,MFA ,0252 ,Art and Design ,6,2,4,0,2,0,0,0,1
2005 ,KR ,526 ,MFA ,0252 ,Art and Design ,11,7,4,0,8,1,1,0,0
2005 ,KR ,526 ,MFA ,0252 ,Art and Design ,5,3,2,0,4,1,0,0,0
2005 ,KR ,526 ,MFA ,0252 ,Art and Design ,6,3,3,0,6,0,0,0,0
2005 ,KR ,526 ,NDEG ,0252 ,Art and Design ,5,2,3,0,5,0,0,0,0
2005 ,KR ,526 ,NONE ,0390 ,General Curriculum ,176,67,109,0,121,23,4,15,3
2005 ,KR ,526 ,PHD ,0250 ,Art History ,16,1,15,0,9,0,1,2,0
2005 ,KR ,569 ,BFA ,0156 ,Landscape Architecture ,3,3,0,0,2,0,0,1,0
2005 ,KR ,569 ,BLA ,0156 ,Landscape Architecture ,111,77,34,0,97,6,2,5,0
2005 ,KR ,569 ,MLA ,0156 ,Landscape Architecture ,39,12,27,0,22,0,0,1,0
2005 ,KR ,569 ,PHD ,0156 ,Landscape Architecture ,5,1,4,0,2,0,0,0,0
2005 ,KR ,733 ,BA ,0155 ,Urban Planning ,129,71,58,0,98,9,9,6,0
2005 ,KR ,733 ,MUP ,0155 ,Urban Planning ,62,27,35,0,40,2,3,1,0
2005 ,KR ,733 ,PHD ,0274 ,Regional Planning ,28,16,12,0,4,1,0,1,0
2005 ,KR ,767 ,BS ,0146 ,Architectural Studies ,534,308,226,0,400,49,15,33,0
2005 ,KR ,767 ,MARCH ,0249 ,Architecture ,2,2,0,0,0,0,0,0,0
2005 ,KR ,767 ,MARCH ,0249 ,Architecture ,148,86,62,0,98,14,7,9,1
2005 ,KR ,767 ,MARCH ,0249 ,Architecture ,40,20,19,1,25,3,1,5,0
2005 ,KR ,767 ,NDEG ,0249 ,Architecture ,4,2,2,0,0,0,0,0,0
2005 ,KR ,767 ,PHD ,0249 ,Architecture ,9,4,5,0,5,0,0,0,0
2005 ,KR ,801 ,BFA ,0261 ,Dance ,54,6,48,0,44,0,3,2,0
2005 ,KR ,801 ,MFA ,0261 ,Dance ,12,2,10,0,9,0,0,0,0
2005 ,KR ,883 ,BFA ,0162 ,Theatre ,66,27,39,0,50,0,7,5,0
2005 ,KR ,883 ,BFA ,0162 ,Theatre ,17,9,8,0,17,0,0,0,0
2005 ,KR ,883 ,BFA ,0162 ,Theatre ,4,1,3,0,4,0,0,0,0
2005 ,KR ,883 ,BFA ,0162 ,Theatre ,3,2,1,0,2,1,0,0,0
2005 ,KR ,883 ,BFA ,0162 ,Theatre ,9,4,5,0,9,0,0,0,0
2005 ,KR ,883 ,BFA ,0162 ,Theatre ,26,10,16,0,23,0,1,0,0
2005 ,KR ,883 ,BFA ,0162 ,Theatre ,18,14,4,0,18,0,0,0,0
2005 ,KR ,883 ,MA ,0162 ,Theatre ,3,1,2,0,2,0,0,0,0
2005 ,KR ,883 ,MFA ,0162 ,Theatre ,32,15,17,0,27,0,1,2,0
2005 ,KR ,883 ,MFA ,0162 ,Theatre ,10,6,4,0,7,0,2,0,1
2005 ,KR ,883 ,MFA ,1136 ,Creative Writing ,3,0,3,0,3,0,0,0,0
2005 ,KR ,883 ,PHD ,0162 ,Theatre ,11,5,6,0,8,0,0,0,0
 ,,,,,,,,,,,,,,
 ,,,,,,,,,,,,,,
2005 ,KS ,486 ,NDEG ,0067 ,Nondegree ,4,0,4,0,2,0,1,0,0
 ,,,,,,,,,,,,,,
 ,,,,,,,,,,,,,,
2005 ,KT ,238 ,BS ,0382 ,Media Studies ,122,34,88,0,89,7,10,10,0
2005 ,KT ,238 ,PHD ,0279 ,Communications ,51,22,29,0,22,3,3,5,0
2005 ,KT ,408 ,BS ,0277 ,Advertising ,235,59,176,0,177,19,12,13,2
2005 ,KT ,408 ,MS ,0277 ,Advertising ,28,8,20,0,16,3,4,0,0
2005 ,KT ,642 ,BSJ ,0380 ,News-Editorial ,125,48,77,0,85,12,9,16,0
2005 ,KT ,642 ,BSJ ,0381 ,Broadcast Journalism ,79,30,49,0,47,6,15,10,0
2005 ,KT ,642 ,MS ,0278 ,Journalism ,31,11,20,0,24,1,2,0,0
2005 ,KT ,934 ,NDEG ,0067 ,Nondegree ,2,1,1,0,0,0,0,0,0
 ,,,,,,,,,,,,,,
 ,,,,,,,,,,,,,,
2005 ,KU ,853 ,JD ,0385 ,Law ,625,380,244,1,364,119,37,48,4
2005 ,KU ,853 ,JSD ,0281 ,Law ,6,4,2,0,1,0,0,1,0
2005 ,KU ,853 ,LLM ,0281 ,Law ,36,13,23,0,1,2,2,0,0
2005 ,KU ,853 ,NDEG ,0385 ,Law ,1,0,1,0,0,0,0,0,0
 ,,,,,,,,,,,,,,
 ,,,,,,,,,,,,,,
2005 ,KV ,241 ,BALAS ,0340 ,Anthropology ,143,49,94,0,107,6,6,18,2
2005 ,KV ,241 ,BALAS ,0340 ,Anthropology ,1,0,1,0,0,0,1,0,0
2005 ,KV ,241 ,MA ,0340 ,Anthropology ,2,0,2,0,2,0,0,0,0
2005 ,KV ,241 ,PHD ,0340 ,Anthropology ,61,23,38,0,26,1,2,11,0
2005 ,KV ,253 ,MS ,0334 ,Atmospheric Sciences ,19,11,8,0,16,0,0,1,0
2005 ,KV ,253 ,PHD ,0334 ,Atmospheric Sciences ,18,15,3,0,3,1,0,0,0
2005 ,KV ,257 ,BALAS ,0439 ,Mathematics ,1,0,1,0,0,0,0,1,0
2005 ,KV ,257 ,BSLAS ,0439 ,Mathematics ,279,167,112,0,199,37,13,11,0
2005 ,KV ,257 ,BSLAS ,0439 ,Mathematics ,3,2,1,0,2,1,0,0,0
2005 ,KV ,257 ,BSLAS ,0439 ,Mathematics ,1,1,0,0,1,0,0,0,0
2005 ,KV ,257 ,BSLAS ,0439 ,Mathematics ,4,4,0,0,2,1,0,1,0
2005 ,KV ,257 ,BSLAS ,0439 ,Mathematics ,3,3,0,0,1,1,0,0,0
2005 ,KV ,257 ,BSLAS ,0439 ,Mathematics ,5,4,1,0,4,0,0,0,0
2005 ,KV ,257 ,BSLAS ,0439 ,Mathematics ,61,23,38,0,49,7,0,4,0
2005 ,KV ,257 ,BSLAS ,0461 ,Actuarial Science ,245,166,79,0,157,37,6,7,1
2005 ,KV ,257 ,BSLAS ,0461 ,Actuarial Science ,4,1,3,0,2,1,0,0,0
2005 ,KV ,257 ,BSLAS ,1438 ,Math & Computer Science ,125,114,10,1,77,19,4,8,0
2005 ,KV ,257 ,BSLAS ,1438 ,Math & Computer Science ,3,3,0,0,1,0,0,0,0
2005 ,KV ,257 ,MS ,0290 ,Teaching of Mathematics ,2,1,1,0,1,0,0,0,0
2005 ,KV ,257 ,MS ,0327 ,Applied Mathematics ,7,4,3,0,2,0,0,0,0
2005 ,KV ,257 ,MS ,0327 ,Applied Mathematics ,28,11,17,0,2,3,0,0,0
2005 ,KV ,257 ,MS ,0439 ,Mathematics ,11,9,2,0,5,1,0,0,0
2005 ,KV ,257 ,NONE ,0439 ,Mathematics ,62,37,25,0,49,6,2,3,1
2005 ,KV ,257 ,PHD ,0439 ,Mathematics ,183,144,39,0,77,7,1,6,1
2005 ,KV ,299 ,BSLAS ,0338 ,Psychology ,1179,309,870,0,771,133,112,111,2
2005 ,KV ,299 ,BSLAS ,0338 ,Psychology ,20,10,10,0,15,1,0,2,0
2005 ,KV ,299 ,MA ,0338 ,Psychology ,1,0,1,0,1,0,0,0,0
2005 ,KV ,299 ,NDEG ,0338 ,Psychology ,1,1,0,0,1,0,0,0,0
2005 ,KV ,299 ,PHD ,0338 ,Psychology ,175,61,114,0,95,14,8,10,0
2005 ,KV ,324 ,BALAS ,0344 ,Sociology ,419,138,281,0,177,31,137,61,2
2005 ,KV ,324 ,BALAS ,0344 ,Sociology ,10,1,9,0,2,1,3,4,0
2005 ,KV ,324 ,PHD ,0344 ,Sociology ,43,17,26,0,19,1,2,4,0
2005 ,KV ,361 ,MS ,0324 ,Entomology ,16,5,11,0,12,0,1,0,0
2005 ,KV ,361 ,PHD ,0324 ,Entomology ,17,11,6,0,11,1,0,0,0
2005 ,KV ,362 ,BALAS ,0285 ,E Asian Languages & Cultures ,44,30,14,0,27,13,1,0,0
2005 ,KV ,362 ,BALAS ,0285 ,E Asian Languages & Cultures ,1,0,1,0,1,0,0,0,0
2005 ,KV ,362 ,MA ,0284 ,Asian Studies ,13,4,9,0,2,0,2,0,1
2005 ,KV ,362 ,PHD ,0285 ,E Asian Languages & Cultures ,22,5,17,0,4,3,0,0,0
2005 ,KV ,377 ,MS ,0320 ,Plant Biology ,6,2,4,0,5,0,0,0,1
2005 ,KV ,377 ,PHD ,0320 ,Plant Biology ,14,8,6,0,7,2,0,0,0
2005 ,KV ,383 ,BSLAS ,0438 ,Integrative Biology ,245,109,136,0,187,35,0,13,0
2005 ,KV ,383 ,BSLAS ,0438 ,Integrative Biology ,6,4,2,0,5,1,0,0,0
2005 ,KV ,383 ,MS ,0314 ,Biology ,25,12,13,0,15,4,1,0,0
2005 ,KV ,383 ,MS ,0314 ,Biology ,4,2,2,0,3,1,0,0,0
2005 ,KV ,383 ,PHD ,0314 ,Biology ,7,4,3,0,5,0,0,0,0
2005 ,KV ,383 ,PHD ,0314 ,Biology ,32,18,14,0,24,1,1,0,0
2005 ,KV ,383 ,PHD ,0314 ,Biology ,19,10,9,0,8,3,0,2,0
2005 ,KV ,397 ,BSLAS ,0314 ,Biology ,6,2,4,0,3,1,0,2,0
2005 ,KV ,397 ,BSLAS ,0314 ,Biology ,1,0,1,0,0,1,0,0,0
2005 ,KV ,397 ,BSLAS ,0314 ,Biology ,21,10,11,0,15,5,0,1,0
2005 ,KV ,397 ,BSLAS ,0314 ,Biology ,4,2,2,0,4,0,0,0,0
2005 ,KV ,397 ,BSLAS ,0314 ,Biology ,9,6,3,0,9,0,0,0,0
2005 ,KV ,397 ,MS ,0293 ,Teaching of Biological Science ,1,0,1,0,1,0,0,0,0
2005 ,KV ,397 ,NONE ,0314 ,Biology ,940,429,510,1,568,219,54,43,2
2005 ,KV ,397 ,NONE ,0314 ,Biology ,1,0,1,0,0,0,0,0,1
2005 ,KV ,405 ,BALAS ,0074 ,Economics ,665,512,153,0,381,130,24,35,1
2005 ,KV ,405 ,BALAS ,0074 ,Economics ,13,10,3,0,9,3,0,0,0
2005 ,KV ,405 ,MS ,0074 ,Economics ,102,76,26,0,1,4,1,0,0
2005 ,KV ,405 ,PHD ,0074 ,Economics ,81,54,27,0,19,2,2,2,0
2005 ,KV ,413 ,BALAS ,0335 ,Chemistry ,1,0,1,0,1,0,0,0,0
2005 ,KV ,413 ,BS ,0335 ,Chemistry ,141,79,62,0,99,28,1,5,0
2005 ,KV ,413 ,BSLAS ,0335 ,Chemistry ,312,167,145,0,182,61,34,22,0
2005 ,KV ,413 ,BSLAS ,0335 ,Chemistry ,4,1,3,0,4,0,0,0,0
2005 ,KV ,413 ,BSLAS ,0335 ,Chemistry ,10,4,6,0,10,0,0,0,0
2005 ,KV ,413 ,MS ,0294 ,Teaching of Chemistry ,12,3,9,0,12,0,0,0,0
2005 ,KV ,413 ,MS ,0335 ,Chemistry ,7,1,6,0,5,0,0,0,0
2005 ,KV ,413 ,PHD ,0335 ,Chemistry ,285,197,88,0,191,17,4,7,0
2005 ,KV ,413 ,PHD ,0337 ,Chemical Physics ,10,8,2,0,4,2,0,1,0
2005 ,KV ,415 ,BALAS ,0433 ,Molecular and Cellular Biology ,1,0,1,0,1,0,0,0,0
2005 ,KV ,415 ,BSLAS ,0433 ,Molecular and Cellular Biology ,781,319,461,1,489,184,36,34,2
2005 ,KV ,415 ,BSLAS ,0433 ,Molecular and Cellular Biology ,12,5,7,0,5,7,0,0,0
2005 ,KV ,415 ,NONE ,3854 ,Molecular&Cell Bio-undeclared ,18,10,8,0,9,2,2,2,0
2005 ,KV ,415 ,PHD ,0319 ,Biophysics & Computnl Biology ,68,47,21,0,17,7,1,2,0
2005 ,KV ,415 ,PHD ,0323 ,Neuroscience ,59,26,33,0,28,6,0,6,1
2005 ,KV ,430 ,BSLAS ,0333 ,Astronomy ,41,26,15,0,29,2,3,4,0
2005 ,KV ,430 ,PHD ,0333 ,Astronomy ,31,17,14,0,9,1,0,0,0
2005 ,KV ,438 ,BS ,0318 ,Biochemistry ,266,139,126,1,102,111,6,6,1
2005 ,KV ,438 ,BSLAS ,0318 ,Biochemistry ,16,9,7,0,8,6,1,0,0
2005 ,KV ,438 ,MS ,0318 ,Biochemistry ,2,0,2,0,0,0,1,1,0
2005 ,KV ,438 ,PHD ,0318 ,Biochemistry ,93,54,39,0,36,15,2,2,0
2005 ,KV ,451 ,BALAS ,0342 ,History ,4,2,2,0,4,0,0,0,0
2005 ,KV ,451 ,BALAS ,0342 ,History ,488,314,173,1,400,23,23,31,1
2005 ,KV ,451 ,BALAS ,0342 ,History ,78,36,42,0,74,4,0,0,0
2005 ,KV ,451 ,PHD ,0342 ,History ,123,65,58,0,76,3,14,4,0
2005 ,KV ,461 ,MA ,0283 ,African Studies ,11,4,7,0,3,0,6,1,0
2005 ,KV ,489 ,BALAS ,0313 ,Speech Communication ,416,177,239,0,250,23,80,54,5
2005 ,KV ,489 ,BALAS ,0313 ,Speech Communication ,9,2,7,0,6,1,1,1,0
2005 ,KV ,489 ,BALAS ,0313 ,Speech Communication ,1,1,0,0,1,0,0,0,0
2005 ,KV ,489 ,BSLAS ,0313 ,Speech Communication ,1,1,0,0,0,0,0,0,0
2005 ,KV ,489 ,MA ,0313 ,Speech Communication ,38,11,27,0,33,2,1,0,0
2005 ,KV ,489 ,PHD ,0313 ,Speech Communication ,39,15,24,0,26,1,1,3,0
2005 ,KV ,490 ,BALAS ,0443 ,Religious Studies ,23,14,9,0,13,3,0,4,0
2005 ,KV ,490 ,BALAS ,0443 ,Religious Studies ,1,1,0,0,1,0,0,0,0
2005 ,KV ,490 ,BALAS ,0443 ,Religious Studies ,1,1,0,0,1,0,0,0,0
2005 ,KV ,490 ,BALAS ,0443 ,Religious Studies ,4,1,3,0,3,0,0,1,0
2005 ,KV ,499 ,BALAS ,0311 ,English ,793,245,547,1,575,58,76,58,3
2005 ,KV ,499 ,BALAS ,0311 ,English ,37,20,17,0,24,7,4,1,0
2005 ,KV ,499 ,BALAS ,0311 ,English ,90,15,75,0,71,7,5,6,0
2005 ,KV ,499 ,BALAS ,0311 ,English ,1,0,1,0,0,1,0,0,0
2005 ,KV ,499 ,BALAS ,0420 ,Rhetoric ,80,41,39,0,47,3,19,8,1
2005 ,KV ,499 ,BALAS ,0420 ,Rhetoric ,39,23,16,0,25,1,11,2,0
2005 ,KV ,499 ,BALAS ,0420 ,Rhetoric ,4,3,1,0,3,0,0,1,0
2005 ,KV ,499 ,BALAS ,0420 ,Rhetoric ,11,5,6,0,7,0,3,1,0
2005 ,KV ,499 ,MA ,0311 ,English ,57,25,32,0,51,3,0,2,0
2005 ,KV ,499 ,MFA ,1136 ,Creative Writing ,18,8,10,0,13,2,1,2,0
2005 ,KV ,499 ,NDEG ,0311 ,English ,1,1,0,0,1,0,0,0,0
2005 ,KV ,499 ,PHD ,0311 ,English ,79,27,52,0,55,4,2,2,0
2005 ,KV ,514 ,BALAS ,0308 ,Classics ,15,8,7,0,11,1,1,1,0
2005 ,KV ,514 ,BALAS ,0308 ,Classics ,2,1,1,0,2,0,0,0,0
2005 ,KV ,514 ,BALAS ,0308 ,Classics ,4,1,3,0,3,0,0,1,0
2005 ,KV ,514 ,BALAS ,0308 ,Classics ,5,2,3,0,5,0,0,0,0
2005 ,KV ,514 ,MA ,0308 ,Classics ,8,4,4,0,7,0,0,0,0
2005 ,KV ,514 ,MA ,0345 ,Teaching of Latin ,1,1,0,0,1,0,0,0,0
2005 ,KV ,514 ,PHD ,0347 ,Classical Philology ,7,5,2,0,5,0,0,0,0
2005 ,KV ,553 ,BALAS ,0287 ,Russian & E European Studies ,4,4,0,0,4,0,0,0,0
2005 ,KV ,553 ,MA ,0287 ,Russian & E European Studies ,8,4,4,0,7,0,0,0,0
2005 ,KV ,580 ,BALAS ,0075 ,Finance ,145,107,38,0,101,22,2,10,1
2005 ,KV ,580 ,BALAS ,0075 ,Finance ,17,10,7,0,9,6,0,1,0
2005 ,KV ,580 ,BALAS ,0150 ,History of Art ,30,2,28,0,25,2,2,0,0
2005 ,KV ,580 ,BALAS ,0265 ,Music ,17,10,7,0,13,1,2,0,0
2005 ,KV ,580 ,BALAS ,0401 ,International Studies ,311,89,222,0,198,32,16,37,3
2005 ,KV ,580 ,BALAS ,0401 ,International Studies ,6,3,3,0,4,1,0,1,0
2005 ,KV ,580 ,BALAS ,0422 ,Humanities ,7,5,2,0,4,0,2,1,0
2005 ,KV ,580 ,BALAS ,0463 ,Individual Plans of Study ,5,2,3,0,4,0,1,0,0
2005 ,KV ,580 ,BALAS ,3865 ,Interdisciplinary ,6,2,4,0,3,2,1,0,0
2005 ,KV ,580 ,BALAS ,3865 ,Interdisciplinary ,4,1,3,0,4,0,0,0,0
2005 ,KV ,580 ,BALAS ,3865 ,Interdisciplinary ,20,12,8,0,13,0,3,3,0
2005 ,KV ,580 ,BALAS ,3865 ,Interdisciplinary ,4,3,1,0,4,0,0,0,0
2005 ,KV ,580 ,BALAS ,3865 ,Interdisciplinary ,4,0,4,0,3,0,1,0,0
2005 ,KV ,580 ,BS ,0240 ,Physics ,101,79,22,0,70,12,4,3,0
2005 ,KV ,580 ,BSLAS ,0240 ,Physics ,81,64,17,0,44,21,2,1,1
2005 ,KV ,580 ,BSLAS ,0240 ,Physics ,5,2,3,0,5,0,0,0,0
2005 ,KV ,580 ,NDEG ,0067 ,Nondegree ,130,68,60,2,44,5,1,2,0
2005 ,KV ,580 ,NONE ,0390 ,General Curriculum ,3775,1700,2070,5,2313,465,457,345,14
2005 ,KV ,583 ,BALAS ,0329 ,Statistics ,1,0,1,0,0,0,0,1,0
2005 ,KV ,583 ,BSLAS ,0329 ,Statistics ,36,27,9,0,21,6,3,1,0
2005 ,KV ,583 ,BSLAS ,0464 ,Statistics & Computer Science ,10,9,1,0,3,5,0,0,0
2005 ,KV ,583 ,MS ,0329 ,Statistics ,22,9,13,0,6,3,2,1,0
2005 ,KV ,583 ,MS ,0329 ,Statistics ,1,1,0,0,0,0,0,0,0
2005 ,KV ,583 ,MS ,0329 ,Statistics ,1,0,1,0,0,0,0,0,0
2005 ,KV ,583 ,PHD ,0329 ,Statistics ,16,7,9,0,3,0,0,0,0
2005 ,KV ,584 ,PHD ,0321 ,Cell and Structural Biology ,74,35,39,0,21,7,2,2,1
2005 ,KV ,585 ,BA ,0297 ,Teaching of Spanish ,27,3,24,0,22,2,0,1,0
2005 ,KV ,585 ,BALAS ,0305 ,Italian ,7,1,6,0,6,1,0,0,0
2005 ,KV ,585 ,BALAS ,0306 ,Portuguese ,1,1,0,0,0,0,1,0,0
2005 ,KV ,585 ,BALAS ,0307 ,Spanish ,259,79,180,0,166,15,19,54,1
2005 ,KV ,585 ,BALAS ,0307 ,Spanish ,8,3,5,0,4,1,0,3,0
2005 ,KV ,585 ,MA ,0305 ,Italian ,1,0,1,0,1,0,0,0,0
2005 ,KV ,585 ,MA ,0307 ,Spanish ,21,5,16,0,6,0,0,5,0
2005 ,KV ,585 ,PHD ,0305 ,Italian ,2,1,1,0,0,0,0,1,0
2005 ,KV ,585 ,PHD ,0306 ,Portuguese ,1,0,1,0,0,0,0,0,0
2005 ,KV ,585 ,PHD ,0307 ,Spanish ,30,10,20,0,6,0,0,3,0
2005 ,KV ,604 ,BSLAS ,0325 ,Molecular & Integrative Physi ,2,1,1,0,1,1,0,0,0
2005 ,KV ,604 ,BSLAS ,0408 ,Bioengineering ,1,1,0,0,0,0,0,0,0
2005 ,KV ,604 ,PHD ,0325 ,Molecular & Integrative Physi ,35,20,15,0,7,4,2,3,0
2005 ,KV ,655 ,BS ,0336 ,Geology ,12,7,5,0,11,0,0,1,0
2005 ,KV ,655 ,BS ,0336 ,Geology ,1,1,0,0,1,0,0,0,0
2005 ,KV ,655 ,BS ,0336 ,Geology ,1,0,1,0,0,0,0,1,0
2005 ,KV ,655 ,BSLAS ,0336 ,Geology ,32,23,9,0,26,2,0,4,0
2005 ,KV ,655 ,BSLAS ,0336 ,Geology ,5,1,4,0,4,0,0,1,0
2005 ,KV ,655 ,BSLAS ,0336 ,Geology ,6,4,2,0,6,0,0,0,0
2005 ,KV ,655 ,MS ,0336 ,Geology ,14,8,6,0,12,0,0,0,1
2005 ,KV ,655 ,PHD ,0336 ,Geology ,22,15,7,0,7,0,0,0,0
2005 ,KV ,687 ,BS ,0300 ,Chemical Engineering ,294,187,106,1,175,56,7,11,0
2005 ,KV ,687 ,MS ,0300 ,Chemical Engineering ,6,3,3,0,3,1,1,0,0
2005 ,KV ,687 ,NONE ,0300 ,Chemical Engineering ,5,3,2,0,0,0,0,0,0
2005 ,KV ,687 ,PHD ,0300 ,Chemical Engineering ,89,62,27,0,42,8,2,1,0
2005 ,KV ,710 ,BALAS ,0343 ,Political Science ,993,607,383,3,681,82,95,97,6
2005 ,KV ,710 ,BALAS ,0343 ,Political Science ,20,10,10,0,12,3,2,2,0
2005 ,KV ,710 ,BSLAS ,0343 ,Political Science ,2,1,1,0,2,0,0,0,0
2005 ,KV ,710 ,MA ,0343 ,Political Science ,3,0,3,0,3,0,0,0,0
2005 ,KV ,710 ,PHD ,0343 ,Political Science ,46,24,22,0,30,3,1,0,0
2005 ,KV ,715 ,BALAS ,0332 ,Philosophy ,95,73,22,0,64,8,9,5,2
2005 ,KV ,715 ,BALAS ,0332 ,Philosophy ,2,1,1,0,1,0,1,0,0
2005 ,KV ,715 ,MA ,0332 ,Philosophy ,2,1,1,0,1,0,0,0,0
2005 ,KV ,715 ,PHD ,0332 ,Philosophy ,38,30,8,0,35,0,0,1,0
2005 ,KV ,729 ,BALAS ,0286 ,Latin American Studies ,6,3,3,0,3,0,0,3,0
2005 ,KV ,729 ,MA ,0286 ,Latin American Studies ,8,2,6,0,3,0,3,2,0
2005 ,KV ,748 ,MA ,0299 ,Teaching of English Sec Lang ,50,12,38,0,10,2,0,0,0
2005 ,KV ,771 ,BALAS ,1120 ,Comparative Literature ,8,2,6,0,4,2,0,0,0
2005 ,KV ,771 ,BALAS ,1120 ,Comparative Literature ,6,1,5,0,5,0,0,1,0
2005 ,KV ,771 ,MA ,1120 ,Comparative Literature ,32,10,22,0,8,1,0,1,0
2005 ,KV ,771 ,PHD ,1120 ,Comparative Literature ,18,2,16,0,8,1,0,0,0
2005 ,KV ,864 ,BALAS ,0301 ,Linguistics ,43,20,23,0,29,4,5,2,0
2005 ,KV ,864 ,MA ,0301 ,Linguistics ,12,2,10,0,5,0,0,1,0
2005 ,KV ,864 ,PHD ,0301 ,Linguistics ,48,20,28,0,14,3,1,1,0
2005 ,KV ,872 ,BALAS ,0341 ,Geography ,41,34,7,0,31,2,3,4,0
2005 ,KV ,872 ,BALAS ,0341 ,Geography ,1,1,0,0,1,0,0,0,0
2005 ,KV ,872 ,BALAS ,0341 ,Geography ,1,1,0,0,1,0,0,0,0
2005 ,KV ,872 ,BALAS ,0341 ,Geography ,2,2,0,0,1,1,0,0,0
2005 ,KV ,872 ,MA ,0341 ,Geography ,3,1,2,0,2,0,0,1,0
2005 ,KV ,872 ,MS ,0341 ,Geography ,11,4,7,0,7,0,1,3,0
2005 ,KV ,872 ,NDEG ,0341 ,Geography ,3,3,0,0,3,0,0,0,0
2005 ,KV ,872 ,PHD ,0341 ,Geography ,20,11,9,0,4,0,0,0,0
2005 ,KV ,927 ,BA ,0296 ,Teaching of German ,2,1,1,0,2,0,0,0,0
2005 ,KV ,927 ,BALAS ,0412 ,Germanic Lang & Lit ,17,10,7,0,16,0,1,0,0
2005 ,KV ,927 ,BALAS ,0412 ,Germanic Lang & Lit ,2,2,0,0,2,0,0,0,0
2005 ,KV ,927 ,BALAS ,0412 ,Germanic Lang & Lit ,1,0,1,0,0,0,0,0,0
2005 ,KV ,927 ,BALAS ,0412 ,Germanic Lang & Lit ,3,1,2,0,3,0,0,0,0
2005 ,KV ,927 ,MA ,0303 ,German ,16,4,12,0,13,0,0,0,0
2005 ,KV ,927 ,PHD ,0303 ,German ,7,4,3,0,3,0,0,0,0
2005 ,KV ,948 ,MS ,0322 ,Microbiology ,3,0,3,0,2,1,0,0,0
2005 ,KV ,948 ,NDEG ,0322 ,Microbiology ,1,1,0,0,1,0,0,0,0
2005 ,KV ,948 ,PHD ,0322 ,Microbiology ,82,36,46,0,41,5,1,5,0
2005 ,KV ,958 ,BALAS ,0411 ,Russian Lang & Literature ,4,1,3,0,4,0,0,0,0
2005 ,KV ,958 ,MA ,0302 ,Slavic Languages & Literature ,1,1,0,0,0,0,0,0,0
2005 ,KV ,958 ,PHD ,0302 ,Slavic Languages & Literature ,3,1,2,0,0,0,0,0,0
2005 ,KV ,985 ,BA ,0295 ,Teaching of French ,8,2,6,0,6,1,0,0,0
2005 ,KV ,985 ,BALAS ,0304 ,French ,57,14,43,0,45,3,2,5,0
2005 ,KV ,985 ,BALAS ,0304 ,French ,7,3,4,0,5,0,1,1,0
2005 ,KV ,985 ,BALAS ,0304 ,French ,3,0,3,0,3,0,0,0,0
2005 ,KV ,985 ,MA ,0304 ,French ,17,6,11,0,12,0,1,0,0
2005 ,KV ,985 ,NDEG ,0304 ,French ,5,3,2,0,1,0,0,0,0
2005 ,KV ,985 ,PHD ,0304 ,French ,13,3,10,0,8,0,0,0,0
 ,,,,,,,,,,,,,,
 ,,,,,,,,,,,,,,
2005 ,KY ,581 ,BS ,0351 ,Kinesiology ,524,204,320,0,430,19,28,32,3
2005 ,KY ,581 ,BS ,0351 ,Kinesiology ,2,0,2,0,2,0,0,0,0
2005 ,KY ,581 ,BS ,0351 ,Kinesiology ,44,16,28,0,35,1,5,1,0
2005 ,KY ,581 ,BS ,0351 ,Kinesiology ,30,21,9,0,24,2,1,1,1
2005 ,KY ,581 ,MS ,0351 ,Kinesiology ,30,9,21,0,26,1,1,1,0
2005 ,KY ,581 ,PHD ,0351 ,Kinesiology ,28,11,17,0,18,1,1,0,0
2005 ,KY ,679 ,AUD ,1053 ,Audiology ,4,0,4,0,4,0,0,0,0
2005 ,KY ,679 ,BS ,0354 ,Speech & Hearing Science ,59,6,53,0,54,1,1,2,0
2005 ,KY ,679 ,BS ,0354 ,Speech & Hearing Science ,7,0,7,0,4,2,0,1,0
2005 ,KY ,679 ,BS ,0354 ,Speech & Hearing Science ,21,2,19,0,19,2,0,0,0
2005 ,KY ,679 ,BS ,0354 ,Speech & Hearing Science ,142,1,141,0,127,4,4,5,0
2005 ,KY ,679 ,MA ,0354 ,Speech & Hearing Science ,46,2,44,0,38,2,4,1,0
2005 ,KY ,679 ,PHD ,0354 ,Speech & Hearing Science ,23,2,21,0,8,0,3,0,0
2005 ,KY ,682 ,NDEG ,0067 ,Nondegree ,3,3,0,0,2,0,0,0,0
2005 ,KY ,714 ,BS ,0353 ,Leisure Studies ,133,87,46,0,100,4,13,10,1
2005 ,KY ,714 ,BS ,0353 ,Leisure Studies ,39,14,25,0,32,0,4,2,1
2005 ,KY ,714 ,BS ,0353 ,Leisure Studies ,40,9,31,0,31,0,1,7,0
2005 ,KY ,714 ,BS ,0353 ,Leisure Studies ,1,1,0,0,1,0,0,0,0
2005 ,KY ,714 ,BS ,0353 ,Leisure Studies ,167,129,37,1,123,4,32,6,0
2005 ,KY ,714 ,BS ,0353 ,Leisure Studies ,1,0,1,0,1,0,0,0,0
2005 ,KY ,714 ,BS ,4043 ,"Recreation, Sport, and Tourism ",5,3,2,0,5,0,0,0,0
2005 ,KY ,714 ,BS ,4043 ,"Recreation, Sport, and Tourism ",5,5,0,0,5,0,0,0,0
2005 ,KY ,714 ,MS ,0353 ,Leisure Studies ,17,8,9,0,6,2,2,0,0
2005 ,KY ,714 ,MS ,4043 ,"Recreation, Sport, and Tourism ",22,13,9,0,19,0,0,2,0
2005 ,KY ,714 ,PHD ,0353 ,Leisure Studies ,22,10,12,0,8,0,2,1,0
2005 ,KY ,714 ,PHD ,4043 ,"Recreation, Sport, and Tourism ",4,1,3,0,3,0,1,0,0
2005 ,KY ,963 ,BS ,0349 ,Community Health ,102,33,69,0,77,7,9,6,1
2005 ,KY ,963 ,BS ,0349 ,Community Health ,87,9,78,0,32,10,35,10,0
2005 ,KY ,963 ,BS ,0349 ,Community Health ,194,47,147,0,81,14,71,25,0
2005 ,KY ,963 ,BS ,0349 ,Community Health ,32,5,27,0,18,1,9,3,1
2005 ,KY ,963 ,MS ,0348 ,Community Health ,2,0,2,0,1,0,1,0,0
2005 ,KY ,963 ,MS ,0349 ,Community Health ,11,1,10,0,7,3,1,0,0
2005 ,KY ,963 ,MS ,0350 ,Rehabilitation ,6,1,5,0,5,0,0,0,0
2005 ,KY ,963 ,MSPH ,0348 ,Community Health ,4,1,3,0,1,0,3,0,0
2005 ,KY ,963 ,PHD ,0348 ,Community Health ,6,1,5,0,5,0,0,1,0
2005 ,KY ,963 ,PHD ,0349 ,Community Health ,9,5,4,0,3,2,2,0,0
 ,,,,,,,,,,,,,,
 ,,,,,,,,,,,,,,
2005 ,LC ,282 ,MS ,0361 ,VMS - Veterinary Pathobiology ,5,1,4,0,1,2,0,0,0
2005 ,LC ,282 ,NDEG ,0361 ,VMS - Veterinary Pathobiology ,3,0,3,0,3,0,0,0,0
2005 ,LC ,282 ,PHD ,0361 ,VMS - Veterinary Pathobiology ,16,5,11,0,6,0,1,3,0
2005 ,LC ,444 ,DVM ,0480 ,Veterinary Medicine ,404,92,312,0,297,14,3,7,1
2005 ,LC ,598 ,MS ,0359 ,VMS-Veterinary Clinical Medcne ,24,11,13,0,11,1,1,0,0
2005 ,LC ,598 ,PHD ,0359 ,VMS-Veterinary Clinical Medcne ,3,1,2,0,0,0,0,0,0
2005 ,LC ,873 ,MS ,0357 ,VMS - Veterinary Biosciences ,9,4,5,0,7,0,0,0,0
2005 ,LC ,873 ,NDEG ,0357 ,VMS - Veterinary Biosciences ,1,0,1,0,1,0,0,0,0
2005 ,LC ,873 ,PHD ,0357 ,VMS - Veterinary Biosciences ,8,2,6,0,1,0,1,0,0
 ,,,,,,,,,,,,,,
 ,,,,,,,,,,,,,,
2005 ,LE ,707 ,AVIFC ,0487 ,Professional Pilot ,2,1,1,0,2,0,0,0,0
2005 ,LE ,707 ,AVIPC ,0487 ,Professional Pilot ,69,64,5,0,56,2,2,3,0
2005 ,LE ,707 ,BS ,0489 ,Aviation Human Factors ,183,168,15,0,160,6,3,10,0
2005 ,LE ,707 ,CERT ,0487 ,Professional Pilot ,1,0,1,0,0,0,1,0,0
2005 ,LE ,707 ,MS ,3530 ,Human Factors ,6,3,3,0,4,1,0,0,0
2005 ,LE ,707 ,NDEG ,0067 ,Nondegree ,1,1,0,0,1,0,0,0,0
 ,,,,,,,,,,,,,,
 ,,,,,,,,,,,,,,
2005 ,LG ,568 ,MHRIR ,0364 ,Human Res & Industrial Rels ,126,47,79,0,78,10,15,4,1
2005 ,LG ,568 ,PHD ,0364 ,Human Res & Industrial Rels ,15,4,11,0,4,0,0,1,0
2005 ,LG ,  ,  ,  ,Labor & Industrial Relns ,141,51,90,0,82,10,15,5,1
 ,,,,,,,,,,,,,,
 ,,,,,,,,,,,,,,
2005 ,LL ,783 ,MSW ,0365 ,Social Work ,260,16,244,0,196,5,40,12,1
2005 ,LL ,783 ,MSW ,0365 ,Social Work ,2,0,2,0,2,0,0,0,0
2005 ,LL ,783 ,NDEG ,0365 ,Social Work ,3,0,3,0,2,0,0,0,0
2005 ,LL ,783 ,PHD ,0365 ,Social Work ,24,3,21,0,7,0,3,3,0
 ,,,,,,,,,,,,,,
 ,,,,,,,,,,,,,,
2005 ,LN ,641 ,NDEG ,1249 ,Nondegree-CE ,83,27,56,0,55,6,7,7,1
2005 ,LN ,641 ,NDEG ,1249 ,Nondegree-CE ,3,2,1,0,2,1,0,0,0
 ,,,,,,,,,,,,,,
 ,,,,,,,,,,,,,,
2005 ,LP ,992 ,CAS ,0370 ,Library & Information Science ,9,0,9,0,8,0,0,1,0
2005 ,LP ,992 ,MS ,0370 ,Library & Information Science ,170,49,121,0,132,10,7,3,0
2005 ,LP ,992 ,MS ,0370 ,Library & Information Science ,2,1,1,0,2,0,0,0,0
2005 ,LP ,992 ,MS ,0370 ,Library & Information Science ,5,0,5,0,5,0,0,0,0
2005 ,LP ,992 ,MS ,0370 ,Library & Information Science ,13,1,12,0,9,1,1,1,0
2005 ,LP ,992 ,PHD ,0370 ,Library & Information Science ,48,17,31,0,23,3,2,2,0
 ,,,,,,,,,,,,,,
 ,,,,,,,,,,,,,,