,Term/Year Code,College,Major Name,Total,Men,Women,Non-Binary,Caucasian,Asian American,African American,Hispanic,Native American,Unknown,International
0,2005,KM ,Accountancy ,1261.0,687.0,572.0,2.0,740.0,189.0,46.0,60.0,2.0,0.0,224.0
1,2010,KM ,Accountancy ,1273.0,672.0,601.0,0.0,604.0,225.0,36.0,51.0,1.0,0.0,356.0
2,2015,KM ,Accountancy ,1422.0,687.0,735.0,0.0,526.0,205.0,29.0,63.0,0.0,0.0,599.0
3,2005,KV ,Actuarial Science ,249.0,167.0,82.0,0.0,159.0,38.0,6.0,7.0,1.0,0.0,38.0
4,2010,KV ,Actuarial Science ,292.0,169.0,123.0,0.0,123.0,47.0,7.0,7.0,0.0,0.0,108.0
5,2015,KV ,Actuarial Science ,389.0,224.0,164.0,0.0,152.0,75.0,3.0,16.0,0.0,1.0,142.0
6,2005,KT ,Advertising ,263.0,67.0,196.0,0.0,193.0,22.0,16.0,13.0,2.0,0.0,17.0
7,2010,KT ,Advertising ,526.0,158.0,368.0,0.0,335.0,46.0,41.0,34.0,1.0,0.0,69.0
8,2015,KT ,Advertising ,589.0,186.0,403.0,0.0,365.0,57.0,27.0,44.0,0.0,0.0,96.0
9,2005,KP ,Aero & Astro Engineering ,48.0,42.0,6.0,0.0,30.0,2.0,1.0,0.0,0.0,0.0,15.0
10,2005,KP ,Aerospace Engineering ,381.0,326.0,55.0,0.0,281.0,48.0,5.0,12.0,1.0,0.0,34.0
11,2010,KP ,Aerospace Engineering ,526.0,456.0,70.0,0.0,312.0,64.0,8.0,21.0,4.0,0.0,117.0
12,2015,KP ,Aerospace Engineering ,657.0,588.0,69.0,0.0,322.0,111.0,6.0,55.0,1.0,0.0,162.0
13,2010,KV ,African American Studies ,7.0,4.0,3.0,0.0,1.0,0.0,5.0,0.0,0.0,0.0,1.0
14,2015,KV ,African American Studies ,11.0,3.0,8.0,0.0,0.0,0.0,11.0,0.0,0.0,0.0,0.0
15,2005,KV ,African Studies ,11.0,4.0,7.0,0.0,3.0,0.0,6.0,1.0,0.0,0.0,1.0
16,2010,KV ,African Studies ,12.0,8.0,4.0,0.0,4.0,0.0,3.0,0.0,0.0,0.0,5.0
17,2015,KV ,African Studies ,3.0,0.0,3.0,0.0,2.0,0.0,0.0,0.0,0.0,0.0,1.0
18,2005,KL ,Agr & Consumer Economics ,83.0,49.0,34.0,0.0,25.0,3.0,1.0,0.0,0.0,0.0,54.0
19,2010,KL ,Agr & Consumer Economics ,612.0,402.0,210.0,0.0,418.0,41.0,25.0,26.0,0.0,0.0,102.0
20,2015,KL ,Agr & Consumer Economics ,670.0,445.0,225.0,0.0,454.0,75.0,29.0,35.0,1.0,0.0,76.0
21,2005,KL ,Agr & Environmental Cmc & Educ ,103.0,30.0,73.0,0.0,92.0,0.0,8.0,2.0,0.0,0.0,1.0
22,2010,KL ,Agr & Environmental Cmc & Educ ,90.0,26.0,64.0,0.0,81.0,1.0,6.0,0.0,0.0,0.0,2.0
23,2005,KL ,Agr Engineering & Agr Science ,37.0,34.0,3.0,0.0,33.0,2.0,0.0,1.0,0.0,0.0,1.0
24,2010,KL ,Agr Engineering & Agr Science ,41.0,35.0,6.0,0.0,34.0,2.0,1.0,2.0,0.0,0.0,2.0
25,2015,KL ,Agr Engineering & Agr Science ,1.0,1.0,0.0,0.0,0.0,0.0,0.0,1.0,0.0,0.0,0.0
26,2005,KL ,"Agribusiness, Farm & Financial ",317.0,232.0,83.0,2.0,276.0,11.0,16.0,11.0,0.0,0.0,3.0
27,2015,KL ,Agric Leadership & Sci Educ ,55.0,21.0,34.0,0.0,49.0,0.0,2.0,3.0,0.0,0.0,1.0
28,2015,KL ,Agricultural & Applied Econ ,83.0,47.0,36.0,0.0,19.0,3.0,2.0,1.0,0.0,0.0,58.0
29,2010,KL ,Agricultural & Biological Engr ,29.0,24.0,5.0,0.0,20.0,6.0,1.0,1.0,0.0,0.0,1.0
30,2010,KP ,Agricultural & Biological Engr ,102.0,71.0,31.0,0.0,54.0,11.0,1.0,3.0,0.0,0.0,33.0
31,2015,KL ,Agricultural & Biological Engr ,98.0,64.0,34.0,0.0,50.0,14.0,6.0,5.0,0.0,0.0,23.0
32,2015,KP ,Agricultural & Biological Engr ,126.0,88.0,38.0,0.0,54.0,9.0,1.0,5.0,0.0,0.0,57.0
33,2015,KT ,Agricultural Communications ,41.0,8.0,33.0,0.0,35.0,0.0,2.0,3.0,0.0,0.0,1.0
34,2005,KL ,Agricultural Economics ,1.0,1.0,0.0,0.0,0.0,0.0,1.0,0.0,0.0,0.0,0.0
35,2005,KL ,Agricultural Education ,7.0,1.0,6.0,0.0,6.0,0.0,0.0,0.0,0.0,0.0,1.0
36,2010,KL ,Agricultural Education ,6.0,2.0,4.0,0.0,5.0,0.0,0.0,0.0,0.0,0.0,1.0
37,2015,KL ,Agricultural Education ,10.0,4.0,6.0,0.0,8.0,0.0,0.0,0.0,0.0,0.0,2.0
38,2005,KP ,Agricultural Engineering ,93.0,77.0,16.0,0.0,61.0,4.0,2.0,4.0,0.0,0.0,22.0
39,2010,KP ,Agricultural Engineering ,44.0,37.0,7.0,0.0,30.0,1.0,1.0,1.0,0.0,0.0,11.0
40,2010,KL ,Agricultural Production ,7.0,3.0,4.0,0.0,6.0,0.0,0.0,1.0,0.0,0.0,0.0
41,2015,KL ,Agricultural Production ,8.0,2.0,6.0,0.0,3.0,0.0,0.0,0.0,0.0,0.0,5.0
42,2015,KL ,Agriculture ,1.0,1.0,0.0,0.0,0.0,0.0,1.0,0.0,0.0,0.0,0.0
43,2005,KL ,Animal Sciences ,598.0,163.0,435.0,0.0,510.0,24.0,11.0,22.0,0.0,0.0,31.0
44,2010,KL ,Animal Sciences ,600.0,153.0,446.0,1.0,461.0,21.0,20.0,41.0,1.0,0.0,56.0
45,2015,KL ,Animal Sciences ,620.0,123.0,497.0,0.0,406.0,45.0,29.0,81.0,0.0,0.0,59.0
46,2005,KV ,Anthropology ,207.0,72.0,135.0,0.0,135.0,7.0,9.0,29.0,2.0,0.0,25.0
47,2010,KV ,Anthropology ,201.0,69.0,132.0,0.0,132.0,18.0,11.0,24.0,0.0,0.0,16.0
48,2015,KV ,Anthropology ,146.0,43.0,103.0,0.0,69.0,12.0,10.0,24.0,1.0,0.0,30.0
49,2005,KV ,Applied Mathematics ,35.0,15.0,20.0,0.0,4.0,3.0,0.0,0.0,0.0,0.0,28.0
50,2010,KV ,Applied Mathematics ,24.0,14.0,10.0,0.0,2.0,0.0,0.0,0.0,0.0,0.0,22.0
51,2015,KV ,Applied Mathematics ,36.0,20.0,16.0,0.0,4.0,1.0,0.0,1.0,0.0,0.0,30.0
52,2005,KR ,Architectural Studies ,534.0,308.0,226.0,0.0,400.0,49.0,15.0,33.0,0.0,0.0,37.0
53,2010,KR ,Architectural Studies ,505.0,291.0,214.0,0.0,332.0,45.0,9.0,41.0,1.0,0.0,77.0
54,2015,KR ,Architectural Studies ,402.0,220.0,182.0,0.0,177.0,47.0,17.0,53.0,1.0,0.0,107.0
55,2005,KR ,Architecture ,203.0,114.0,88.0,1.0,128.0,17.0,8.0,14.0,1.0,0.0,35.0
56,2010,KR ,Architecture ,190.0,102.0,88.0,0.0,117.0,13.0,7.0,15.0,0.0,0.0,38.0
57,2015,KR ,Architecture ,172.0,105.0,67.0,0.0,80.0,17.0,1.0,6.0,0.0,0.0,68.0
58,2005,KR ,Art Education ,106.0,17.0,89.0,0.0,90.0,6.0,3.0,0.0,0.0,0.0,7.0
59,2010,KR ,Art Education ,91.0,18.0,73.0,0.0,74.0,2.0,1.0,4.0,0.0,0.0,10.0
60,2015,KR ,Art Education ,42.0,9.0,33.0,0.0,24.0,4.0,0.0,7.0,0.0,0.0,7.0
61,2010,KR ,Art Foundation ,150.0,58.0,92.0,0.0,85.0,26.0,10.0,10.0,1.0,0.0,18.0
62,2015,KR ,Art Foundation ,115.0,43.0,72.0,0.0,47.0,17.0,5.0,11.0,0.0,0.0,35.0
63,2005,KR ,Art History ,31.0,3.0,28.0,0.0,20.0,1.0,2.0,2.0,0.0,0.0,6.0
64,2010,KR ,Art History ,28.0,5.0,23.0,0.0,17.0,1.0,0.0,3.0,0.0,0.0,7.0
65,2015,KR ,Art History ,21.0,1.0,20.0,0.0,14.0,0.0,0.0,2.0,0.0,0.0,5.0
66,2005,KR ,Art and Design ,48.0,25.0,23.0,0.0,35.0,4.0,2.0,0.0,1.0,0.0,6.0
67,2010,KR ,Art and Design ,38.0,20.0,18.0,0.0,22.0,1.0,0.0,1.0,0.0,0.0,14.0
68,2015,KR ,Art and Design ,42.0,13.0,29.0,0.0,27.0,1.0,0.0,4.0,0.0,0.0,10.0
69,2005,KV ,Asian Studies ,13.0,4.0,9.0,0.0,2.0,0.0,2.0,0.0,1.0,0.0,8.0
70,2010,KV ,Asian Studies ,12.0,6.0,6.0,0.0,6.0,1.0,0.0,0.0,0.0,0.0,5.0
71,2005,KV ,Astronomy ,72.0,43.0,29.0,0.0,38.0,3.0,3.0,4.0,0.0,0.0,24.0
72,2010,KV ,Astronomy ,74.0,54.0,20.0,0.0,41.0,8.0,1.0,6.0,1.0,0.0,17.0
73,2015,KV ,Astronomy ,82.0,47.0,35.0,0.0,39.0,9.0,0.0,4.0,0.0,0.0,30.0
74,2010,KY ,Athletic Training ,34.0,9.0,25.0,0.0,28.0,1.0,1.0,2.0,0.0,0.0,2.0
75,2005,KV ,Atmospheric Sciences ,37.0,26.0,11.0,0.0,19.0,1.0,0.0,1.0,0.0,0.0,16.0
76,2010,KV ,Atmospheric Sciences ,128.0,77.0,51.0,0.0,93.0,3.0,2.0,9.0,0.0,0.0,21.0
77,2015,KV ,Atmospheric Sciences ,111.0,65.0,46.0,0.0,66.0,7.0,5.0,10.0,0.0,0.0,23.0
78,2005,KY ,Audiology ,4.0,0.0,4.0,0.0,4.0,0.0,0.0,0.0,0.0,0.0,0.0
79,2010,KY ,Audiology ,21.0,5.0,16.0,0.0,18.0,0.0,1.0,0.0,0.0,0.0,2.0
80,2015,KY ,Audiology ,28.0,4.0,24.0,0.0,21.0,5.0,2.0,0.0,0.0,0.0,0.0
81,2005,LE ,Aviation Human Factors ,183.0,168.0,15.0,0.0,160.0,6.0,3.0,10.0,0.0,0.0,4.0
82,2010,LE ,Aviation Human Factors ,101.0,94.0,7.0,0.0,79.0,8.0,5.0,5.0,0.0,0.0,4.0
83,2005,KV ,Biochemistry ,377.0,202.0,174.0,1.0,146.0,132.0,10.0,9.0,1.0,0.0,79.0
84,2010,KV ,Biochemistry ,204.0,107.0,97.0,0.0,87.0,56.0,2.0,8.0,0.0,0.0,51.0
85,2015,KV ,Biochemistry ,234.0,127.0,107.0,0.0,84.0,60.0,4.0,13.0,0.0,0.0,73.0
86,2010,KL ,Bioenergy ,12.0,10.0,2.0,0.0,8.0,1.0,0.0,0.0,0.0,0.0,3.0
87,2015,KL ,Bioenergy ,19.0,12.0,7.0,0.0,4.0,2.0,0.0,1.0,0.0,0.0,12.0
88,2005,KP ,Bioengineering ,60.0,40.0,20.0,0.0,37.0,16.0,1.0,0.0,0.0,0.0,6.0
89,2005,KV ,Bioengineering ,1.0,1.0,0.0,0.0,0.0,0.0,0.0,0.0,0.0,0.0,1.0
90,2010,KP ,Bioengineering ,200.0,126.0,74.0,0.0,113.0,43.0,1.0,7.0,1.0,0.0,35.0
91,2015,KP ,Bioengineering ,318.0,167.0,151.0,0.0,149.0,94.0,2.0,16.0,1.0,0.0,56.0
92,2010,KL ,Bioinformatics ,10.0,9.0,1.0,0.0,0.0,0.0,0.0,0.0,0.0,0.0,10.0
93,2010,KP ,Bioinformatics ,3.0,2.0,1.0,0.0,2.0,0.0,0.0,0.0,0.0,0.0,1.0
94,2010,KV ,Bioinformatics ,1.0,1.0,0.0,0.0,1.0,0.0,0.0,0.0,0.0,0.0,0.0
95,2010,LP ,Bioinformatics ,2.0,1.0,1.0,0.0,1.0,0.0,0.0,0.0,0.0,0.0,1.0
96,2015,KL ,Bioinformatics ,2.0,1.0,1.0,0.0,1.0,1.0,0.0,0.0,0.0,0.0,0.0
97,2015,KP ,Bioinformatics ,5.0,2.0,3.0,0.0,1.0,0.0,0.0,0.0,0.0,0.0,4.0
98,2015,LP ,Bioinformatics ,3.0,0.0,3.0,0.0,0.0,0.0,0.0,0.0,0.0,0.0,3.0
99,2015,KP ,Bioinstrumentation ,12.0,7.0,5.0,0.0,2.0,2.0,1.0,0.0,0.0,0.0,7.0
100,2005,KV ,Biology ,1069.0,495.0,573.0,1.0,654.0,235.0,56.0,48.0,3.0,0.0,73.0
101,2010,KV ,Biology ,784.0,380.0,404.0,0.0,427.0,183.0,44.0,62.0,2.0,0.0,66.0
102,2015,KV ,Biology ,730.0,302.0,428.0,0.0,332.0,204.0,55.0,87.0,1.0,0.0,51.0
103,2005,KV ,Biophysics & Computnl Biology ,68.0,47.0,21.0,0.0,17.0,7.0,1.0,2.0,0.0,0.0,41.0
104,2010,KV ,Biophysics & Computnl Biology ,65.0,53.0,12.0,0.0,16.0,4.0,0.0,2.0,0.0,0.0,43.0
105,2015,KV ,Biophysics & Computnl Biology ,46.0,37.0,9.0,0.0,12.0,6.0,0.0,0.0,0.0,0.0,28.0
106,2015,KV ,Biophysics & Quant Biology ,8.0,3.0,5.0,0.0,0.0,1.0,0.0,0.0,0.0,0.0,7.0
107,2005,KT ,Broadcast Journalism ,79.0,30.0,49.0,0.0,47.0,6.0,15.0,10.0,0.0,0.0,1.0
108,2010,KT ,Broadcast Journalism ,136.0,41.0,95.0,0.0,87.0,10.0,21.0,7.0,0.0,0.0,11.0
109,2015,KT ,Broadcast Journalism ,100.0,35.0,65.0,0.0,58.0,6.0,15.0,10.0,0.0,0.0,11.0
110,2005,KM ,Business Administration ,952.0,490.0,462.0,0.0,566.0,113.0,58.0,63.0,1.0,0.0,151.0
111,2010,KM ,Business Administration ,58.0,31.0,27.0,0.0,18.0,4.0,0.0,0.0,0.0,0.0,36.0
112,2015,KM ,Business Administration ,89.0,38.0,51.0,0.0,4.0,1.0,4.0,1.0,0.0,0.0,79.0
113,2005,KM ,Business Administration (MBA) ,238.0,171.0,67.0,0.0,90.0,20.0,12.0,5.0,2.0,0.0,109.0
114,2010,KM ,Business Administration (MBA) ,319.0,221.0,97.0,1.0,149.0,39.0,24.0,5.0,0.0,0.0,102.0
115,2015,KM ,Business Administration (MBA) ,288.0,203.0,85.0,0.0,123.0,38.0,19.0,13.0,1.0,0.0,94.0
116,2010,KM ,Business Process Management ,23.0,12.0,11.0,0.0,15.0,2.0,1.0,2.0,0.0,0.0,3.0
117,2015,KM ,Business Process Management ,36.0,20.0,16.0,0.0,17.0,3.0,5.0,8.0,0.0,0.0,3.0
118,2010,KV ,Cell and Developmental Biology ,42.0,23.0,19.0,0.0,15.0,3.0,0.0,1.0,0.0,0.0,23.0
119,2015,KV ,Cell and Developmental Biology ,45.0,20.0,25.0,0.0,6.0,5.0,0.0,2.0,0.0,0.0,32.0
120,2005,KV ,Cell and Structural Biology ,74.0,35.0,39.0,0.0,21.0,7.0,2.0,2.0,1.0,0.0,41.0
121,2010,KV ,Cell and Structural Biology ,3.0,3.0,0.0,0.0,1.0,0.0,0.0,0.0,0.0,0.0,2.0
122,2005,KV ,Chemical Engineering ,394.0,255.0,138.0,1.0,220.0,65.0,10.0,12.0,0.0,0.0,87.0
123,2010,KV ,Chemical Engineering ,621.0,417.0,203.0,1.0,313.0,111.0,15.0,32.0,1.0,0.0,149.0
124,2015,KV ,Chemical Engineering ,768.0,549.0,219.0,0.0,341.0,168.0,23.0,43.0,0.0,0.0,193.0
125,2005,KV ,Chemical Physics ,10.0,8.0,2.0,0.0,4.0,2.0,0.0,1.0,0.0,0.0,3.0
126,2010,KV ,Chemical Physics ,9.0,8.0,1.0,0.0,6.0,0.0,0.0,1.0,0.0,0.0,2.0
127,2015,KV ,Chemical Physics ,7.0,6.0,1.0,0.0,3.0,1.0,1.0,0.0,0.0,0.0,2.0
128,2005,KV ,Chemistry ,760.0,449.0,311.0,0.0,492.0,106.0,39.0,34.0,0.0,0.0,89.0
129,2010,KV ,Chemistry ,730.0,450.0,279.0,1.0,420.0,122.0,26.0,31.0,1.0,0.0,130.0
130,2015,KV ,Chemistry ,881.0,527.0,354.0,0.0,386.0,154.0,26.0,75.0,2.0,0.0,238.0
131,2005,KP ,Civil Engineering ,795.0,641.0,154.0,0.0,485.0,65.0,10.0,37.0,3.0,0.0,195.0
132,2010,KP ,Civil Engineering ,1169.0,875.0,291.0,3.0,678.0,103.0,27.0,43.0,0.0,0.0,318.0
133,2015,KP ,Civil Engineering ,1319.0,976.0,343.0,0.0,481.0,135.0,21.0,79.0,0.0,0.0,603.0
134,2005,KV ,Classical Philology ,7.0,5.0,2.0,0.0,5.0,0.0,0.0,0.0,0.0,0.0,2.0
135,2010,KV ,Classical Philology ,7.0,4.0,3.0,0.0,4.0,1.0,0.0,2.0,0.0,0.0,0.0
136,2015,KV ,Classical Philology ,10.0,7.0,3.0,0.0,7.0,0.0,0.0,0.0,0.0,0.0,3.0
137,2005,KV ,Classics ,34.0,16.0,18.0,0.0,28.0,1.0,1.0,2.0,0.0,0.0,2.0
138,2010,KV ,Classics ,38.0,22.0,16.0,0.0,31.0,3.0,0.0,3.0,0.0,0.0,1.0
139,2015,KV ,Classics ,16.0,9.0,7.0,0.0,11.0,0.0,2.0,2.0,0.0,0.0,1.0
140,2010,KV ,Communication ,844.0,326.0,518.0,0.0,495.0,57.0,163.0,70.0,1.0,0.0,58.0
141,2015,KV ,Communication ,786.0,313.0,473.0,0.0,429.0,53.0,100.0,102.0,1.0,0.0,101.0
142,2005,KT ,Communications ,51.0,22.0,29.0,0.0,22.0,3.0,3.0,5.0,0.0,0.0,18.0
143,2010,KT ,Communications ,49.0,22.0,27.0,0.0,9.0,2.0,5.0,8.0,0.0,0.0,25.0
144,2015,KT ,Communications ,7.0,3.0,4.0,0.0,0.0,1.0,2.0,1.0,0.0,0.0,3.0
145,2010,KT ,Communications and Media ,7.0,3.0,4.0,0.0,2.0,0.0,0.0,0.0,0.0,0.0,5.0
146,2015,KT ,Communications and Media ,40.0,13.0,27.0,0.0,8.0,1.0,2.0,3.0,0.0,0.0,26.0
147,2005,KY ,Community Health ,447.0,102.0,345.0,0.0,225.0,37.0,131.0,45.0,2.0,0.0,7.0
148,2010,KY ,Community Health ,551.0,126.0,424.0,1.0,270.0,76.0,118.0,60.0,3.0,0.0,24.0
149,2015,KY ,Community Health ,615.0,147.0,468.0,0.0,250.0,106.0,131.0,97.0,0.0,0.0,31.0
150,2005,KV ,Comparative Literature ,64.0,15.0,49.0,0.0,25.0,4.0,0.0,2.0,0.0,0.0,33.0
151,2010,KV ,Comparative Literature ,39.0,13.0,25.0,1.0,21.0,3.0,1.0,3.0,0.0,0.0,11.0
152,2015,KV ,Comparative Literature ,22.0,6.0,16.0,0.0,13.0,1.0,0.0,2.0,0.0,0.0,6.0
153,2005,KP ,Computer Engineering ,563.0,520.0,42.0,1.0,309.0,130.0,24.0,32.0,0.0,0.0,68.0
154,2010,KP ,Computer Engineering ,524.0,480.0,43.0,1.0,240.0,99.0,13.0,32.0,2.0,0.0,138.0
155,2015,KP ,Computer Engineering ,1062.0,952.0,109.0,0.0,352.0,315.0,10.0,44.0,0.0,1.0,340.0
156,2015,KV ,Computer Sci & Anthropology ,11.0,8.0,3.0,0.0,3.0,4.0,0.0,0.0,0.0,0.0,4.0
157,2015,KV ,Computer Sci & Astronomy ,18.0,14.0,4.0,0.0,6.0,6.0,2.0,0.0,0.0,0.0,4.0
158,2015,KV ,Computer Sci & Chemistry ,27.0,18.0,9.0,0.0,8.0,12.0,0.0,1.0,0.0,0.0,6.0
159,2015,KV ,Computer Sci & Linguistics ,27.0,19.0,8.0,0.0,7.0,10.0,2.0,2.0,0.0,0.0,6.0
160,2005,KP ,Computer Science ,1064.0,943.0,119.0,2.0,539.0,177.0,12.0,31.0,2.0,0.0,303.0
161,2010,KP ,Computer Science ,1169.0,1033.0,136.0,0.0,458.0,194.0,11.0,20.0,0.0,0.0,486.0
162,2015,KP ,Computer Science ,1640.0,1310.0,330.0,0.0,445.0,412.0,17.0,42.0,1.0,0.0,723.0
163,2005,KL ,Consumer and Textile Marketing ,54.0,2.0,52.0,0.0,44.0,6.0,4.0,0.0,0.0,0.0,0.0
164,2005,KR ,Crafts ,22.0,7.0,15.0,0.0,17.0,2.0,0.0,3.0,0.0,0.0,0.0
165,2010,KR ,Crafts ,14.0,1.0,13.0,0.0,9.0,2.0,1.0,0.0,0.0,0.0,2.0
166,2015,KR ,Crafts ,16.0,1.0,14.0,0.0,5.0,1.0,0.0,0.0,0.0,1.0,9.0
167,2005,KR ,Creative Writing ,3.0,0.0,3.0,0.0,3.0,0.0,0.0,0.0,0.0,0.0,0.0
168,2005,KV ,Creative Writing ,18.0,8.0,10.0,0.0,13.0,2.0,1.0,2.0,0.0,0.0,0.0
169,2010,KV ,Creative Writing ,16.0,7.0,9.0,0.0,14.0,1.0,0.0,1.0,0.0,0.0,0.0
170,2015,KV ,Creative Writing ,91.0,33.0,58.0,0.0,54.0,7.0,14.0,8.0,0.0,0.0,8.0
171,2005,KL ,Crop Sciences ,149.0,97.0,51.0,1.0,114.0,5.0,2.0,4.0,0.0,0.0,24.0
172,2010,KL ,Crop Sciences ,194.0,139.0,55.0,0.0,142.0,4.0,1.0,1.0,2.0,0.0,44.0
173,2015,KL ,Crop Sciences ,264.0,152.0,112.0,0.0,186.0,8.0,4.0,5.0,1.0,0.0,60.0
174,2005,KM ,Curric Unassigned ,363.0,220.0,142.0,1.0,250.0,47.0,18.0,23.0,1.0,0.0,24.0
175,2010,KM ,Curric Unassigned ,1020.0,583.0,437.0,0.0,643.0,168.0,38.0,68.0,1.0,0.0,102.0
176,2015,KM ,Curric Unassigned ,1026.0,564.0,462.0,0.0,493.0,202.0,44.0,99.0,1.0,0.0,187.0
177,2010,KN ,Curriculum and Instruction ,89.0,20.0,69.0,0.0,54.0,10.0,6.0,5.0,1.0,0.0,13.0
178,2015,KN ,Curriculum and Instruction ,116.0,27.0,89.0,0.0,60.0,4.0,10.0,12.0,0.0,0.0,30.0
179,2005,KR ,Dance ,66.0,8.0,58.0,0.0,53.0,0.0,3.0,2.0,0.0,0.0,8.0
180,2010,KR ,Dance ,79.0,8.0,71.0,0.0,55.0,3.0,15.0,6.0,0.0,0.0,0.0
181,2015,KR ,Dance ,70.0,13.0,57.0,0.0,44.0,3.0,12.0,4.0,0.0,0.0,7.0
182,2005,KV ,E Asian Languages & Cultures ,67.0,35.0,32.0,0.0,32.0,16.0,1.0,0.0,0.0,0.0,18.0
183,2010,KV ,E Asian Languages & Cultures ,112.0,41.0,71.0,0.0,31.0,38.0,5.0,6.0,1.0,0.0,31.0
184,2015,KV ,E Asian Languages & Cultures ,70.0,22.0,48.0,0.0,22.0,15.0,0.0,4.0,0.0,0.0,29.0
185,2005,KN ,Early Childhood Education ,60.0,2.0,58.0,0.0,48.0,5.0,0.0,4.0,1.0,0.0,2.0
186,2010,KN ,Early Childhood Education ,44.0,0.0,44.0,0.0,28.0,5.0,6.0,3.0,0.0,0.0,2.0
187,2015,KN ,Early Childhood Education ,62.0,2.0,60.0,0.0,37.0,8.0,5.0,9.0,0.0,0.0,3.0
188,2010,KV ,"Earth Systems, Env, & Society ",158.0,85.0,73.0,0.0,115.0,11.0,5.0,13.0,1.0,0.0,13.0
189,2015,KV ,"Earth, Soc, Env Sustainability ",152.0,70.0,82.0,0.0,96.0,11.0,7.0,16.0,2.0,0.0,20.0
190,2015,KV ,East Asian Studies ,18.0,9.0,9.0,0.0,4.0,3.0,1.0,0.0,0.0,0.0,10.0
191,2010,KV ,"Ecol, Evol, Conservation Biol ",22.0,10.0,12.0,0.0,16.0,2.0,0.0,1.0,0.0,0.0,3.0
192,2015,KV ,"Ecol, Evol, Conservation Biol ",34.0,14.0,20.0,0.0,23.0,1.0,2.0,3.0,1.0,0.0,4.0
193,2005,KM ,Economics ,16.0,12.0,4.0,0.0,8.0,5.0,0.0,1.0,0.0,0.0,2.0
194,2005,KV ,Economics ,861.0,652.0,209.0,0.0,410.0,139.0,27.0,37.0,1.0,0.0,247.0
195,2010,KV ,Economics ,906.0,640.0,266.0,0.0,289.0,122.0,8.0,19.0,2.0,0.0,466.0
196,2015,KV ,Economics ,1141.0,804.0,337.0,0.0,343.0,169.0,27.0,43.0,0.0,0.0,559.0
197,2005,KN ,Ed Organization and Leadership ,127.0,47.0,80.0,0.0,96.0,1.0,19.0,5.0,0.0,0.0,6.0
198,2010,KN ,Ed Organization and Leadership ,136.0,55.0,81.0,0.0,100.0,6.0,19.0,4.0,0.0,0.0,7.0
199,2015,KN ,Ed Organization and Leadership ,80.0,24.0,56.0,0.0,54.0,5.0,7.0,4.0,1.0,0.0,9.0
200,2015,KN ,"Educ Policy, Orgzn & Leadrshp ",95.0,33.0,62.0,0.0,54.0,1.0,22.0,7.0,0.0,0.0,11.0
201,2005,KN ,Educ Voc Tech ,95.0,32.0,63.0,0.0,40.0,0.0,15.0,1.0,0.0,0.0,39.0
202,2005,KN ,Education ,6.0,2.0,4.0,0.0,5.0,0.0,0.0,0.0,0.0,0.0,1.0
203,2005,KN ,Education General ,285.0,32.0,252.0,1.0,223.0,14.0,14.0,25.0,3.0,0.0,6.0
204,2005,KN ,Educational Policy Studies ,135.0,41.0,94.0,0.0,32.0,10.0,37.0,28.0,6.0,0.0,22.0
205,2010,KN ,Educational Policy Studies ,149.0,53.0,96.0,0.0,31.0,8.0,54.0,33.0,2.0,0.0,21.0
206,2015,KN ,Educational Policy Studies ,126.0,48.0,78.0,0.0,22.0,9.0,59.0,16.0,1.0,0.0,19.0
207,2005,KN ,Educational Psychology ,124.0,34.0,90.0,0.0,47.0,5.0,9.0,6.0,0.0,0.0,57.0
208,2010,KN ,Educational Psychology ,93.0,27.0,66.0,0.0,34.0,4.0,11.0,9.0,0.0,0.0,35.0
209,2015,KN ,Educational Psychology ,51.0,15.0,36.0,0.0,22.0,6.0,1.0,2.0,1.0,0.0,19.0
210,2010,KP ,Electrical & Computer Engr ,504.0,436.0,68.0,0.0,152.0,49.0,6.0,14.0,0.0,0.0,283.0
211,2015,KP ,Electrical & Computer Engr ,503.0,429.0,74.0,0.0,101.0,47.0,6.0,9.0,0.0,0.0,340.0
212,2005,KP ,Electrical Engineering ,1406.0,1223.0,183.0,0.0,531.0,383.0,24.0,31.0,2.0,0.0,435.0
213,2010,KP ,Electrical Engineering ,1024.0,906.0,116.0,2.0,333.0,226.0,20.0,47.0,1.0,0.0,397.0
214,2015,KP ,Electrical Engineering ,1146.0,1002.0,144.0,0.0,360.0,287.0,18.0,51.0,1.0,0.0,429.0
215,2005,KN ,Elementary Education ,408.0,36.0,372.0,0.0,298.0,29.0,20.0,14.0,0.0,0.0,47.0
216,2010,KN ,Elementary Education ,308.0,19.0,288.0,1.0,238.0,22.0,12.0,16.0,0.0,0.0,20.0
217,2015,KN ,Elementary Education ,378.0,25.0,353.0,0.0,268.0,47.0,11.0,40.0,0.0,0.0,12.0
218,2015,KP ,Engineering ,20.0,14.0,6.0,0.0,6.0,1.0,1.0,1.0,0.0,0.0,11.0
219,2005,KP ,Engineering Mechanics ,78.0,63.0,15.0,0.0,69.0,3.0,1.0,2.0,0.0,0.0,3.0
220,2010,KP ,Engineering Mechanics ,135.0,115.0,20.0,0.0,82.0,17.0,1.0,6.0,0.0,0.0,29.0
221,2015,KP ,Engineering Mechanics ,112.0,101.0,11.0,0.0,45.0,15.0,0.0,11.0,0.0,0.0,41.0
222,2005,KP ,Engineering Physics ,101.0,87.0,14.0,0.0,83.0,9.0,1.0,3.0,0.0,0.0,5.0
223,2010,KP ,Engineering Physics ,143.0,127.0,16.0,0.0,96.0,17.0,0.0,4.0,0.0,0.0,26.0
224,2015,KP ,Engineering Physics ,248.0,218.0,30.0,0.0,136.0,37.0,2.0,13.0,1.0,0.0,59.0
225,2015,KP ,Engineering Undeclared ,147.0,117.0,30.0,0.0,75.0,38.0,4.0,8.0,0.0,0.0,22.0
226,2005,KV ,English ,1058.0,333.0,724.0,1.0,777.0,80.0,87.0,69.0,3.0,0.0,42.0
227,2010,KV ,English ,813.0,262.0,550.0,1.0,613.0,56.0,44.0,65.0,1.0,0.0,34.0
228,2015,KV ,English ,439.0,135.0,304.0,0.0,286.0,43.0,18.0,54.0,2.0,0.0,36.0
229,2005,KV ,Entomology ,33.0,16.0,17.0,0.0,23.0,1.0,1.0,0.0,0.0,0.0,8.0
230,2010,KV ,Entomology ,33.0,14.0,19.0,0.0,18.0,2.0,1.0,1.0,0.0,0.0,11.0
231,2015,KV ,Entomology ,42.0,23.0,19.0,0.0,29.0,1.0,2.0,2.0,0.0,0.0,8.0
232,2005,KP ,Environ Engr in Civil Engr ,61.0,33.0,28.0,0.0,23.0,3.0,2.0,1.0,0.0,0.0,32.0
233,2010,KP ,Environ Engr in Civil Engr ,84.0,40.0,44.0,0.0,28.0,4.0,0.0,6.0,0.0,0.0,46.0
234,2015,KP ,Environ Engr in Civil Engr ,100.0,46.0,54.0,0.0,36.0,7.0,1.0,7.0,0.0,0.0,49.0
235,2005,KP ,Environ Science in Civil Engr ,14.0,9.0,5.0,0.0,3.0,1.0,0.0,0.0,0.0,0.0,10.0
236,2010,KP ,Environ Science in Civil Engr ,9.0,2.0,7.0,0.0,1.0,1.0,0.0,0.0,0.0,0.0,7.0
237,2015,KP ,Environ Science in Civil Engr ,1.0,0.0,1.0,0.0,0.0,0.0,0.0,0.0,0.0,0.0,1.0
238,2010,KV ,European Union Studies ,5.0,2.0,3.0,0.0,5.0,0.0,0.0,0.0,0.0,0.0,0.0
239,2015,KV ,European Union Studies ,9.0,4.0,5.0,0.0,4.0,0.0,1.0,0.0,0.0,0.0,4.0
240,2005,KM ,Finance ,896.0,622.0,271.0,3.0,547.0,140.0,28.0,42.0,1.0,0.0,138.0
241,2005,KV ,Finance ,162.0,117.0,45.0,0.0,110.0,28.0,2.0,11.0,1.0,0.0,10.0
242,2010,KM ,Finance ,578.0,388.0,190.0,0.0,249.0,97.0,12.0,30.0,0.0,0.0,190.0
243,2010,KV ,Finance ,2.0,2.0,0.0,0.0,0.0,0.0,0.0,0.0,0.0,0.0,2.0
244,2015,KM ,Finance ,705.0,455.0,250.0,0.0,327.0,86.0,15.0,34.0,0.0,0.0,243.0
245,2010,KP ,Financial Engineering ,26.0,21.0,5.0,0.0,2.0,3.0,0.0,0.0,0.0,0.0,21.0
246,2015,KP ,Financial Engineering ,122.0,91.0,31.0,0.0,4.0,7.0,0.0,1.0,0.0,0.0,110.0
247,2005,KL ,Food Science & Human Nutrition ,440.0,109.0,331.0,0.0,313.0,57.0,18.0,13.0,0.0,0.0,39.0
248,2010,KL ,Food Science & Human Nutrition ,439.0,96.0,343.0,0.0,267.0,38.0,17.0,20.0,0.0,0.0,97.0
249,2015,KL ,Food Science & Human Nutrition ,493.0,119.0,374.0,0.0,243.0,68.0,32.0,37.0,0.0,0.0,113.0
250,2005,KL ,Forestry ,1.0,1.0,0.0,0.0,1.0,0.0,0.0,0.0,0.0,0.0,0.0
251,2005,KV ,French ,102.0,29.0,73.0,0.0,74.0,3.0,4.0,6.0,0.0,0.0,15.0
252,2010,KV ,French ,81.0,23.0,58.0,0.0,61.0,1.0,3.0,2.0,0.0,0.0,14.0
253,2015,KV ,French ,42.0,14.0,28.0,0.0,18.0,3.0,2.0,3.0,0.0,0.0,16.0
254,2010,KV ,Gender and Women's Studies ,16.0,0.0,16.0,0.0,9.0,1.0,6.0,0.0,0.0,0.0,0.0
255,2015,KV ,Gender and Women's Studies ,13.0,2.0,11.0,0.0,7.0,0.0,1.0,4.0,1.0,0.0,0.0
256,2005,KR ,General Curriculum ,176.0,67.0,109.0,0.0,121.0,23.0,4.0,15.0,3.0,0.0,10.0
257,2005,KV ,General Curriculum ,3775.0,1700.0,2070.0,5.0,2313.0,465.0,457.0,345.0,14.0,0.0,181.0
258,2010,KT ,General Curriculum ,31.0,10.0,21.0,0.0,20.0,2.0,2.0,3.0,0.0,0.0,4.0
259,2010,KV ,General Curriculum ,87.0,29.0,58.0,0.0,2.0,4.0,64.0,15.0,0.0,0.0,2.0
260,2015,KV ,General Curriculum ,155.0,102.0,53.0,0.0,51.0,39.0,20.0,20.0,0.0,0.0,25.0
261,2005,KP ,General Engineering ,624.0,509.0,115.0,0.0,473.0,79.0,13.0,28.0,1.0,0.0,30.0
262,2010,KP ,General Engineering ,426.0,326.0,99.0,1.0,285.0,61.0,6.0,22.0,0.0,0.0,52.0
263,2015,KP ,General Engineering ,230.0,172.0,58.0,0.0,140.0,34.0,2.0,15.0,0.0,0.0,39.0
264,2005,KV ,Geography ,82.0,57.0,25.0,0.0,50.0,3.0,4.0,8.0,0.0,0.0,17.0
265,2010,KV ,Geography ,70.0,46.0,24.0,0.0,42.0,3.0,4.0,3.0,0.0,0.0,18.0
266,2015,KV ,Geography ,39.0,23.0,16.0,0.0,13.0,1.0,0.0,1.0,0.0,0.0,24.0
267,2015,KV ,Geography & Geographic Info Sc ,37.0,27.0,10.0,0.0,20.0,3.0,5.0,3.0,0.0,0.0,6.0
268,2005,KV ,Geology ,93.0,59.0,34.0,0.0,67.0,2.0,0.0,7.0,1.0,0.0,16.0
269,2010,KV ,Geology ,78.0,51.0,27.0,0.0,51.0,5.0,1.0,3.0,0.0,0.0,18.0
270,2015,KV ,Geology ,112.0,85.0,27.0,0.0,67.0,6.0,2.0,12.0,0.0,0.0,25.0
271,2005,KV ,German ,23.0,8.0,15.0,0.0,16.0,0.0,0.0,0.0,0.0,0.0,7.0
272,2010,KV ,German ,21.0,8.0,13.0,0.0,13.0,1.0,0.0,0.0,0.0,0.0,7.0
273,2015,KV ,German ,13.0,8.0,5.0,0.0,7.0,0.0,0.0,0.0,0.0,0.0,6.0
274,2005,KV ,Germanic Lang & Lit ,23.0,13.0,10.0,0.0,21.0,0.0,1.0,0.0,0.0,0.0,1.0
275,2010,KV ,Germanic Lang & Lit ,15.0,7.0,8.0,0.0,11.0,1.0,0.0,1.0,0.0,0.0,2.0
276,2015,KV ,Germanic Lang & Lit ,10.0,5.0,5.0,0.0,4.0,1.0,0.0,2.0,0.0,0.0,3.0
277,2010,KV ,Global Studies ,205.0,57.0,148.0,0.0,123.0,32.0,10.0,14.0,0.0,0.0,26.0
278,2015,KV ,Global Studies ,202.0,51.0,151.0,0.0,100.0,32.0,10.0,30.0,0.0,0.0,30.0
279,2005,KR ,Graphic Design ,75.0,21.0,54.0,0.0,45.0,17.0,2.0,5.0,0.0,0.0,6.0
280,2010,KR ,Graphic Design ,67.0,25.0,42.0,0.0,46.0,14.0,3.0,1.0,0.0,0.0,3.0
281,2015,KR ,Graphic Design ,94.0,19.0,75.0,0.0,60.0,12.0,2.0,7.0,0.0,0.0,13.0
282,2010,KY ,Health ,79.0,20.0,59.0,0.0,44.0,11.0,7.0,7.0,0.0,0.0,10.0
283,2015,KY ,Health ,4.0,1.0,3.0,0.0,1.0,1.0,2.0,0.0,0.0,0.0,0.0
284,2005,KV ,History ,693.0,417.0,275.0,1.0,554.0,30.0,37.0,35.0,1.0,0.0,36.0
285,2010,KV ,History ,599.0,381.0,217.0,1.0,469.0,25.0,24.0,35.0,0.0,0.0,46.0
286,2015,KV ,History ,301.0,173.0,128.0,0.0,197.0,14.0,13.0,42.0,0.0,0.0,35.0
287,2005,KR ,History of Art ,22.0,3.0,19.0,0.0,15.0,2.0,1.0,2.0,0.0,0.0,2.0
288,2005,KV ,History of Art ,30.0,2.0,28.0,0.0,25.0,2.0,2.0,0.0,0.0,0.0,1.0
289,2010,KR ,History of Art ,13.0,0.0,13.0,0.0,11.0,0.0,0.0,1.0,0.0,0.0,1.0
290,2010,KV ,History of Art ,31.0,0.0,31.0,0.0,19.0,4.0,2.0,1.0,0.0,0.0,5.0
291,2015,KR ,History of Art ,5.0,0.0,5.0,0.0,4.0,0.0,1.0,0.0,0.0,0.0,0.0
292,2015,KV ,History of Art ,18.0,1.0,17.0,0.0,10.0,1.0,0.0,1.0,0.0,0.0,6.0
293,2005,KL ,Horticulture ,72.0,48.0,24.0,0.0,65.0,2.0,0.0,3.0,0.0,0.0,2.0
294,2010,KL ,Horticulture ,43.0,29.0,14.0,0.0,37.0,0.0,1.0,2.0,1.0,0.0,2.0
295,2015,KL ,Horticulture ,24.0,6.0,18.0,0.0,16.0,3.0,0.0,4.0,0.0,0.0,1.0
296,2005,KL ,Human & Community Development ,31.0,6.0,25.0,0.0,17.0,3.0,4.0,1.0,0.0,0.0,6.0
297,2010,KL ,Human & Community Development ,33.0,7.0,26.0,0.0,20.0,3.0,4.0,1.0,0.0,0.0,5.0
298,2015,KL ,Human & Community Development ,32.0,5.0,27.0,0.0,13.0,1.0,3.0,8.0,0.0,0.0,7.0
299,2005,KL ,Human Development & Family St ,216.0,13.0,202.0,1.0,177.0,12.0,13.0,10.0,0.0,0.0,4.0
300,2010,KL ,Human Development & Family St ,213.0,20.0,191.0,2.0,142.0,15.0,22.0,18.0,0.0,0.0,16.0
301,2015,KL ,Human Development & Family St ,198.0,24.0,174.0,0.0,109.0,16.0,26.0,33.0,0.0,0.0,14.0
302,2005,LE ,Human Factors ,6.0,3.0,3.0,0.0,4.0,1.0,0.0,0.0,0.0,0.0,1.0
303,2010,LE ,Human Factors ,6.0,2.0,4.0,0.0,3.0,0.0,0.0,0.0,0.0,0.0,3.0
304,2005,LG ,Human Res & Industrial Rels ,141.0,51.0,90.0,0.0,82.0,10.0,15.0,5.0,1.0,0.0,28.0
305,2010,LG ,Human Res & Industrial Rels ,178.0,57.0,121.0,0.0,73.0,15.0,15.0,6.0,0.0,0.0,69.0
306,2015,LG ,Human Res & Industrial Rels ,186.0,58.0,128.0,0.0,62.0,17.0,20.0,10.0,1.0,0.0,76.0
307,2010,KN ,Human Resource Education ,89.0,41.0,48.0,0.0,33.0,6.0,15.0,2.0,0.0,0.0,33.0
308,2015,KN ,Human Resource Education ,37.0,16.0,21.0,0.0,8.0,0.0,3.0,1.0,0.0,0.0,25.0
309,2005,KV ,Humanities ,7.0,5.0,2.0,0.0,4.0,0.0,2.0,1.0,0.0,0.0,0.0
310,2005,KV ,Individual Plans of Study ,5.0,2.0,3.0,0.0,4.0,0.0,1.0,0.0,0.0,0.0,0.0
311,2010,KV ,Individual Plans of Study ,8.0,6.0,2.0,0.0,5.0,2.0,0.0,1.0,0.0,0.0,0.0
312,2015,KV ,Individual Plans of Study ,7.0,3.0,4.0,0.0,3.0,2.0,0.0,1.0,0.0,0.0,1.0
313,2005,KR ,Industrial Design ,98.0,47.0,51.0,0.0,64.0,18.0,2.0,6.0,0.0,0.0,8.0
314,2010,KR ,Industrial Design ,112.0,53.0,59.0,0.0,50.0,24.0,2.0,10.0,0.0,0.0,26.0
315,2015,KR ,Industrial Design ,132.0,53.0,79.0,0.0,48.0,26.0,5.0,11.0,0.0,0.0,42.0
316,2005,KP ,Industrial Engineering ,81.0,54.0,27.0,0.0,50.0,10.0,0.0,2.0,0.0,0.0,19.0
317,2010,KP ,Industrial Engineering ,201.0,145.0,56.0,0.0,68.0,22.0,4.0,7.0,0.0,0.0,100.0
318,2015,KP ,Industrial Engineering ,337.0,247.0,90.0,0.0,110.0,48.0,6.0,5.0,0.0,0.0,168.0
319,2015,KS ,Informatics ,30.0,23.0,7.0,0.0,12.0,2.0,0.0,0.0,0.0,0.0,16.0
320,2010,KM ,Information Sys & Info Tech ,32.0,25.0,7.0,0.0,16.0,4.0,5.0,3.0,0.0,0.0,4.0
321,2015,KM ,Information Sys & Info Tech ,47.0,28.0,19.0,0.0,20.0,22.0,2.0,1.0,0.0,0.0,2.0
322,2005,KR ,Instrumental Music ,122.0,52.0,70.0,0.0,90.0,10.0,3.0,3.0,0.0,0.0,16.0
323,2010,KR ,Instrumental Music ,82.0,34.0,48.0,0.0,54.0,12.0,1.0,4.0,0.0,0.0,11.0
324,2015,KR ,Instrumental Music ,76.0,33.0,43.0,0.0,44.0,8.0,4.0,8.0,0.0,0.0,12.0
325,2005,KV ,Integrative Biology ,251.0,113.0,138.0,0.0,192.0,36.0,0.0,13.0,0.0,0.0,10.0
326,2010,KV ,Integrative Biology ,361.0,152.0,209.0,0.0,260.0,38.0,12.0,26.0,2.0,0.0,23.0
327,2015,KV ,Integrative Biology ,402.0,153.0,249.0,0.0,231.0,76.0,23.0,41.0,0.0,0.0,31.0
328,2005,KV ,Interdisciplinary ,38.0,18.0,20.0,0.0,27.0,2.0,5.0,3.0,0.0,0.0,1.0
329,2010,KV ,Interdisciplinary ,16.0,7.0,9.0,0.0,11.0,3.0,2.0,0.0,0.0,0.0,0.0
330,2015,KV ,Interdisciplinary ,4.0,2.0,2.0,0.0,0.0,0.0,0.0,0.0,0.0,0.0,4.0
331,2015,KY ,Interdisciplinary Health Sci ,200.0,40.0,160.0,0.0,96.0,26.0,19.0,39.0,1.0,0.0,19.0
332,2005,KV ,International Studies ,317.0,92.0,225.0,0.0,202.0,33.0,16.0,38.0,3.0,0.0,25.0
333,2010,KV ,International Studies ,132.0,33.0,98.0,1.0,69.0,22.0,4.0,16.0,1.0,0.0,20.0
334,2005,KL ,"Intl, Resource, Consumer Econ ",174.0,105.0,69.0,0.0,131.0,21.0,8.0,9.0,0.0,0.0,5.0
335,2005,KV ,Italian ,10.0,2.0,8.0,0.0,7.0,1.0,0.0,1.0,0.0,0.0,1.0
336,2010,KV ,Italian ,7.0,2.0,5.0,0.0,4.0,0.0,0.0,2.0,0.0,0.0,1.0
337,2015,KV ,Italian ,9.0,5.0,4.0,0.0,3.0,0.0,0.0,2.0,0.0,0.0,4.0
338,2010,KR ,Jazz Performance ,33.0,27.0,6.0,0.0,28.0,1.0,3.0,1.0,0.0,0.0,0.0
339,2015,KR ,Jazz Performance ,31.0,30.0,1.0,0.0,20.0,1.0,6.0,0.0,0.0,0.0,4.0
340,2005,KT ,Journalism ,31.0,11.0,20.0,0.0,24.0,1.0,2.0,0.0,0.0,0.0,4.0
341,2010,KT ,Journalism ,20.0,7.0,13.0,0.0,16.0,1.0,1.0,0.0,0.0,0.0,2.0
342,2015,KT ,Journalism ,141.0,53.0,88.0,0.0,73.0,11.0,22.0,20.0,0.0,0.0,15.0
343,2005,KY ,Kinesiology ,658.0,261.0,397.0,0.0,535.0,24.0,36.0,35.0,4.0,0.0,24.0
344,2010,KY ,Kinesiology ,652.0,279.0,372.0,1.0,495.0,32.0,31.0,47.0,1.0,0.0,46.0
345,2015,KY ,Kinesiology ,621.0,265.0,356.0,0.0,406.0,68.0,35.0,62.0,2.0,0.0,48.0
346,2010,KV ,LAS - Undeclared ,95.0,34.0,61.0,0.0,2.0,1.0,64.0,24.0,0.0,0.0,4.0
347,2015,KV ,LAS - Undeclared ,135.0,40.0,95.0,0.0,2.0,8.0,71.0,48.0,0.0,0.0,6.0
348,2005,LG ,Labor & Industrial Relns ,141.0,51.0,90.0,0.0,82.0,10.0,15.0,5.0,1.0,0.0,28.0
349,2005,KR ,Landscape Architecture ,158.0,93.0,65.0,0.0,123.0,6.0,2.0,7.0,0.0,0.0,20.0
350,2010,KR ,Landscape Architecture ,127.0,64.0,63.0,0.0,84.0,7.0,2.0,7.0,0.0,0.0,27.0
351,2015,KR ,Landscape Architecture ,127.0,41.0,86.0,0.0,40.0,4.0,1.0,8.0,0.0,0.0,74.0
352,2005,KV ,Latin American Studies ,14.0,5.0,9.0,0.0,6.0,0.0,3.0,5.0,0.0,0.0,0.0
353,2010,KV ,Latin American Studies ,11.0,6.0,5.0,0.0,2.0,0.0,0.0,8.0,0.0,0.0,1.0
354,2015,KV ,Latin American Studies ,3.0,2.0,1.0,0.0,1.0,0.0,1.0,1.0,0.0,0.0,0.0
355,2015,KV ,Latina/Latino Studies ,4.0,2.0,2.0,0.0,0.0,0.0,0.0,4.0,0.0,0.0,0.0
356,2005,KU ,Law ,668.0,397.0,270.0,1.0,366.0,121.0,39.0,49.0,4.0,0.0,89.0
357,2010,KU ,Law ,735.0,403.0,332.0,0.0,429.0,61.0,42.0,41.0,4.0,0.0,158.0
358,2015,KU ,Law ,580.0,332.0,248.0,0.0,258.0,50.0,31.0,40.0,0.0,0.0,201.0
359,2015,KN ,Learning and Education Studies ,27.0,5.0,22.0,0.0,12.0,2.0,7.0,2.0,0.0,0.0,4.0
360,2005,KY ,Leisure Studies ,420.0,258.0,161.0,1.0,302.0,10.0,54.0,26.0,2.0,0.0,26.0
361,2005,LP ,Library & Information Science ,247.0,68.0,179.0,0.0,179.0,14.0,10.0,7.0,0.0,0.0,37.0
362,2010,LP ,Library & Information Science ,327.0,91.0,235.0,1.0,235.0,25.0,21.0,14.0,0.0,0.0,32.0
363,2015,LP ,Library & Information Science ,268.0,73.0,195.0,0.0,193.0,6.0,12.0,20.0,0.0,0.0,37.0
364,2005,KV ,Linguistics ,103.0,42.0,61.0,0.0,48.0,7.0,6.0,4.0,0.0,0.0,38.0
365,2010,KV ,Linguistics ,101.0,37.0,64.0,0.0,54.0,9.0,2.0,3.0,0.0,0.0,33.0
366,2015,KV ,Linguistics ,114.0,38.0,76.0,0.0,57.0,9.0,3.0,17.0,0.0,0.0,28.0
367,2010,KM ,Management ,181.0,91.0,89.0,1.0,119.0,17.0,13.0,19.0,0.0,0.0,13.0
368,2015,KM ,Management ,100.0,38.0,62.0,0.0,55.0,15.0,10.0,9.0,0.0,0.0,11.0
369,2010,KM ,Marketing ,201.0,68.0,133.0,0.0,136.0,14.0,19.0,20.0,0.0,0.0,12.0
370,2015,KM ,Marketing ,221.0,91.0,130.0,0.0,135.0,30.0,12.0,26.0,0.0,0.0,18.0
371,2005,KP ,Materials Science & Engr ,383.0,288.0,95.0,0.0,200.0,50.0,7.0,9.0,1.0,0.0,116.0
372,2010,KP ,Materials Science & Engr ,466.0,360.0,106.0,0.0,221.0,75.0,3.0,11.0,1.0,0.0,155.0
373,2015,KP ,Materials Science & Engr ,586.0,418.0,168.0,0.0,220.0,97.0,5.0,20.0,0.0,0.0,244.0
374,2005,KV ,Math & Computer Science ,128.0,117.0,10.0,1.0,78.0,19.0,4.0,8.0,0.0,0.0,19.0
375,2010,KV ,Math & Computer Science ,82.0,72.0,10.0,0.0,41.0,17.0,1.0,3.0,0.0,0.0,20.0
376,2015,KV ,Math & Computer Science ,263.0,216.0,47.0,0.0,81.0,68.0,3.0,10.0,0.0,0.0,101.0
377,2005,KV ,Mathematics ,613.0,394.0,219.0,0.0,389.0,61.0,16.0,26.0,2.0,0.0,119.0
378,2010,KV ,Mathematics ,593.0,361.0,232.0,0.0,310.0,51.0,7.0,26.0,0.0,0.0,199.0
379,2015,KV ,Mathematics ,759.0,465.0,294.0,0.0,203.0,100.0,8.0,46.0,1.0,0.0,401.0
380,2005,KP ,Mechanical Engineering ,1055.0,931.0,121.0,3.0,700.0,131.0,19.0,42.0,4.0,0.0,159.0
381,2010,KP ,Mechanical Engineering ,1092.0,978.0,112.0,2.0,618.0,112.0,15.0,38.0,2.0,0.0,307.0
382,2015,KP ,Mechanical Engineering ,1251.0,1069.0,182.0,0.0,566.0,161.0,15.0,72.0,3.0,0.0,434.0
383,2005,KT ,Media Studies ,122.0,34.0,88.0,0.0,89.0,7.0,10.0,10.0,0.0,0.0,6.0
384,2010,KT ,Media Studies ,59.0,17.0,42.0,0.0,37.0,3.0,4.0,6.0,0.0,0.0,9.0
385,2010,KT ,Media and Cinema Studies ,62.0,33.0,29.0,0.0,40.0,6.0,5.0,4.0,0.0,0.0,7.0
386,2015,KT ,Media and Cinema Studies ,87.0,34.0,53.0,0.0,36.0,16.0,6.0,12.0,0.0,0.0,17.0
387,2005,KV ,Microbiology ,86.0,37.0,49.0,0.0,44.0,6.0,1.0,5.0,0.0,0.0,30.0
388,2010,KV ,Microbiology ,67.0,24.0,43.0,0.0,29.0,5.0,2.0,5.0,1.0,0.0,25.0
389,2015,KV ,Microbiology ,55.0,22.0,33.0,0.0,26.0,5.0,1.0,5.0,0.0,0.0,18.0
390,2005,KV ,Molecular & Integrative Physi ,37.0,21.0,16.0,0.0,8.0,5.0,2.0,3.0,0.0,0.0,19.0
391,2010,KV ,Molecular & Integrative Physi ,36.0,15.0,21.0,0.0,14.0,2.0,2.0,3.0,0.0,0.0,15.0
392,2015,KV ,Molecular & Integrative Physi ,25.0,12.0,13.0,0.0,10.0,3.0,1.0,1.0,0.0,0.0,10.0
393,2005,KV ,Molecular and Cellular Biology ,794.0,324.0,469.0,1.0,495.0,191.0,36.0,34.0,2.0,0.0,36.0
394,2010,KV ,Molecular and Cellular Biology ,1030.0,528.0,502.0,0.0,558.0,302.0,50.0,45.0,0.0,0.0,75.0
395,2015,KV ,Molecular and Cellular Biology ,1041.0,517.0,524.0,0.0,499.0,314.0,48.0,91.0,0.0,0.0,89.0
396,2005,KV ,Molecular&Cell Bio-undeclared ,18.0,10.0,8.0,0.0,9.0,2.0,2.0,2.0,0.0,0.0,3.0
397,2010,KV ,Molecular&Cell Bio-undeclared ,36.0,16.0,20.0,0.0,13.0,4.0,0.0,3.0,0.0,0.0,16.0
398,2015,KV ,Molecular&Cell Bio-undeclared ,34.0,16.0,18.0,0.0,10.0,2.0,1.0,1.0,0.0,0.0,20.0
399,2005,KR ,Music ,277.0,123.0,154.0,0.0,149.0,22.0,4.0,7.0,0.0,0.0,95.0
400,2005,KV ,Music ,17.0,10.0,7.0,0.0,13.0,1.0,2.0,0.0,0.0,0.0,1.0
401,2010,KR ,Music ,357.0,173.0,184.0,0.0,185.0,14.0,7.0,13.0,0.0,0.0,138.0
402,2015,KR ,Music ,341.0,177.0,164.0,0.0,164.0,17.0,6.0,19.0,0.0,0.0,135.0
403,2005,KR ,Music Composition ,9.0,8.0,1.0,0.0,6.0,0.0,0.0,0.0,0.0,0.0,3.0
404,2010,KR ,Music Composition ,12.0,9.0,3.0,0.0,8.0,2.0,0.0,1.0,0.0,0.0,1.0
405,2015,KR ,Music Composition ,8.0,7.0,1.0,0.0,3.0,0.0,0.0,2.0,0.0,0.0,3.0
406,2005,KR ,Music Education ,227.0,101.0,126.0,0.0,193.0,16.0,3.0,6.0,2.0,0.0,7.0
407,2010,KR ,Music Education ,210.0,104.0,106.0,0.0,179.0,13.0,4.0,8.0,0.0,0.0,6.0
408,2015,KR ,Music Education ,180.0,74.0,106.0,0.0,139.0,9.0,6.0,18.0,0.0,0.0,8.0
409,2005,KR ,Music History ,1.0,0.0,1.0,0.0,1.0,0.0,0.0,0.0,0.0,0.0,0.0
410,2010,KR ,Music History ,8.0,3.0,5.0,0.0,5.0,2.0,0.0,0.0,0.0,0.0,1.0
411,2005,KR ,Musicology ,10.0,5.0,5.0,0.0,5.0,1.0,1.0,1.0,0.0,0.0,2.0
412,2010,KR ,Musicology ,14.0,7.0,7.0,0.0,8.0,0.0,0.0,1.0,0.0,0.0,5.0
413,2015,KR ,Musicology ,22.0,10.0,12.0,0.0,15.0,2.0,1.0,2.0,0.0,0.0,2.0
414,2005,KL ,Natural Res & Env Sciences ,94.0,48.0,46.0,0.0,64.0,6.0,1.0,0.0,0.0,0.0,23.0
415,2010,KL ,Natural Res & Env Sciences ,70.0,42.0,28.0,0.0,47.0,2.0,0.0,2.0,0.0,0.0,19.0
416,2015,KL ,Natural Res & Env Sciences ,83.0,46.0,37.0,0.0,67.0,1.0,2.0,2.0,0.0,0.0,11.0
417,2005,KL ,Natural Resrcs & Environ Sci ,196.0,122.0,74.0,0.0,175.0,9.0,1.0,3.0,1.0,0.0,7.0
418,2010,KL ,Natural Resrcs & Environ Sci ,187.0,102.0,85.0,0.0,143.0,9.0,3.0,10.0,0.0,0.0,22.0
419,2015,KL ,Natural Resrcs & Environ Sci ,235.0,124.0,111.0,0.0,141.0,13.0,8.0,21.0,0.0,0.0,52.0
420,2005,KV ,Neuroscience ,59.0,26.0,33.0,0.0,28.0,6.0,0.0,6.0,1.0,0.0,18.0
421,2010,KV ,Neuroscience ,58.0,24.0,34.0,0.0,27.0,12.0,2.0,5.0,0.0,0.0,12.0
422,2015,KV ,Neuroscience ,67.0,32.0,35.0,0.0,36.0,9.0,2.0,4.0,0.0,0.0,16.0
423,2010,KR ,New Media ,25.0,8.0,17.0,0.0,22.0,1.0,0.0,0.0,0.0,0.0,2.0
424,2015,KR ,New Media ,17.0,10.0,7.0,0.0,6.0,5.0,1.0,3.0,0.0,0.0,2.0
425,2005,KT ,News-Editorial ,125.0,48.0,77.0,0.0,85.0,12.0,9.0,16.0,0.0,0.0,3.0
426,2010,KT ,News-Editorial ,181.0,55.0,126.0,0.0,121.0,17.0,14.0,19.0,0.0,0.0,10.0
427,2015,KT ,News-Editorial ,77.0,24.0,53.0,0.0,53.0,8.0,2.0,9.0,0.0,0.0,5.0
428,2005,KL ,Nondegree ,11.0,5.0,6.0,0.0,1.0,0.0,0.0,0.0,0.0,0.0,10.0
429,2005,KM ,Nondegree ,34.0,18.0,16.0,0.0,1.0,0.0,0.0,0.0,0.0,0.0,33.0
430,2005,KN ,Nondegree ,6.0,1.0,5.0,0.0,1.0,0.0,0.0,0.0,0.0,0.0,5.0
431,2005,KP ,Nondegree ,83.0,65.0,18.0,0.0,9.0,2.0,1.0,0.0,0.0,0.0,71.0
432,2005,KR ,Nondegree ,29.0,16.0,13.0,0.0,12.0,1.0,1.0,0.0,0.0,0.0,15.0
433,2005,KS ,Nondegree ,4.0,0.0,4.0,0.0,2.0,0.0,1.0,0.0,0.0,0.0,1.0
434,2005,KT ,Nondegree ,2.0,1.0,1.0,0.0,0.0,0.0,0.0,0.0,0.0,0.0,2.0
435,2005,KV ,Nondegree ,130.0,68.0,60.0,2.0,44.0,5.0,1.0,2.0,0.0,0.0,78.0
436,2005,KY ,Nondegree ,3.0,3.0,0.0,0.0,2.0,0.0,0.0,0.0,0.0,0.0,1.0
437,2005,LE ,Nondegree ,1.0,1.0,0.0,0.0,1.0,0.0,0.0,0.0,0.0,0.0,0.0
438,2010,KL ,Nondegree ,75.0,36.0,39.0,0.0,47.0,0.0,1.0,2.0,0.0,0.0,25.0
439,2010,KM ,Nondegree ,61.0,39.0,22.0,0.0,0.0,0.0,0.0,0.0,0.0,0.0,61.0
440,2010,KN ,Nondegree ,12.0,3.0,9.0,0.0,8.0,0.0,0.0,1.0,0.0,0.0,3.0
441,2010,KP ,Nondegree ,201.0,169.0,32.0,0.0,52.0,3.0,2.0,3.0,0.0,0.0,141.0
442,2010,KR ,Nondegree ,21.0,8.0,13.0,0.0,9.0,2.0,1.0,0.0,0.0,0.0,9.0
443,2010,KS ,Nondegree ,14.0,5.0,9.0,0.0,7.0,3.0,1.0,2.0,0.0,0.0,1.0
444,2010,KT ,Nondegree ,6.0,3.0,3.0,0.0,4.0,0.0,0.0,0.0,0.0,0.0,2.0
445,2010,KV ,Nondegree ,164.0,82.0,82.0,0.0,61.0,6.0,2.0,6.0,1.0,0.0,88.0
446,2010,KY ,Nondegree ,8.0,3.0,5.0,0.0,7.0,0.0,0.0,0.0,0.0,0.0,1.0
447,2010,LE ,Nondegree ,1.0,1.0,0.0,0.0,1.0,0.0,0.0,0.0,0.0,0.0,0.0
448,2010,NB ,Nondegree ,2.0,2.0,0.0,0.0,1.0,0.0,1.0,0.0,0.0,0.0,0.0
449,2015,KL ,Nondegree ,119.0,68.0,51.0,0.0,68.0,1.0,3.0,2.0,1.0,0.0,44.0
450,2015,KM ,Nondegree ,78.0,45.0,33.0,0.0,0.0,0.0,1.0,0.0,0.0,0.0,77.0
451,2015,KN ,Nondegree ,6.0,1.0,5.0,0.0,4.0,0.0,0.0,1.0,0.0,0.0,1.0
452,2015,KP ,Nondegree ,218.0,172.0,46.0,0.0,37.0,6.0,1.0,2.0,0.0,0.0,172.0
453,2015,KR ,Nondegree ,30.0,15.0,15.0,0.0,6.0,0.0,3.0,2.0,0.0,0.0,19.0
454,2015,KS ,Nondegree ,46.0,25.0,21.0,0.0,36.0,2.0,2.0,0.0,0.0,0.0,6.0
455,2015,KT ,Nondegree ,22.0,9.0,13.0,0.0,4.0,0.0,0.0,1.0,0.0,0.0,17.0
456,2015,KV ,Nondegree ,213.0,98.0,115.0,0.0,70.0,14.0,4.0,4.0,0.0,0.0,121.0
457,2015,KY ,Nondegree ,21.0,10.0,11.0,0.0,12.0,3.0,0.0,1.0,0.0,0.0,5.0
458,2015,NB ,Nondegree ,1.0,1.0,0.0,0.0,0.0,0.0,1.0,0.0,0.0,0.0,0.0
459,2005,LN ,Nondegree-CE ,86.0,29.0,57.0,0.0,57.0,7.0,7.0,7.0,1.0,0.0,7.0
460,2010,LN ,Nondegree-CE ,101.0,38.0,63.0,0.0,73.0,12.0,10.0,2.0,0.0,0.0,4.0
461,2015,LN ,Nondegree-CE ,52.0,16.0,36.0,0.0,38.0,0.0,6.0,2.0,0.0,0.0,6.0
462,2005,KP ,Nuclear Engineering ,159.0,136.0,23.0,0.0,104.0,14.0,2.0,6.0,0.0,0.0,33.0
463,2010,KP ,Nuclear Engineering ,122.0,105.0,17.0,0.0,66.0,16.0,4.0,5.0,0.0,0.0,31.0
464,2015,KP ,Nuclear Engineering ,3.0,2.0,1.0,0.0,3.0,0.0,0.0,0.0,0.0,0.0,0.0
465,2010,KP ,"Nuclear, Plasma, Radiolgc Engr ",118.0,99.0,19.0,0.0,73.0,12.0,0.0,7.0,0.0,0.0,26.0
466,2015,KP ,"Nuclear, Plasma, Radiolgc Engr ",233.0,204.0,29.0,0.0,129.0,25.0,7.0,19.0,0.0,0.0,53.0
467,2005,KL ,Nutritional Sciences ,53.0,10.0,43.0,0.0,31.0,3.0,1.0,3.0,0.0,0.0,15.0
468,2010,KL ,Nutritional Sciences ,57.0,16.0,41.0,0.0,32.0,7.0,1.0,3.0,0.0,0.0,14.0
469,2015,KL ,Nutritional Sciences ,45.0,13.0,32.0,0.0,23.0,8.0,1.0,5.0,0.0,0.0,8.0
470,2005,KR ,Open Studies ,20.0,15.0,5.0,0.0,15.0,0.0,1.0,1.0,0.0,0.0,3.0
471,2010,KR ,Open Studies ,8.0,3.0,5.0,0.0,4.0,1.0,1.0,0.0,0.0,0.0,2.0
472,2015,KR ,Open Studies ,3.0,0.0,3.0,0.0,3.0,0.0,0.0,0.0,0.0,0.0,0.0
473,2005,KR ,Painting ,48.0,16.0,32.0,0.0,41.0,3.0,1.0,2.0,0.0,0.0,1.0
474,2010,KR ,Painting ,35.0,9.0,26.0,0.0,19.0,4.0,1.0,6.0,0.0,0.0,5.0
475,2015,KR ,Painting ,20.0,4.0,16.0,0.0,9.0,0.0,4.0,0.0,0.0,0.0,7.0
476,2005,KV ,Philosophy ,137.0,105.0,32.0,0.0,101.0,8.0,10.0,6.0,2.0,0.0,10.0
477,2010,KV ,Philosophy ,125.0,103.0,22.0,0.0,97.0,6.0,7.0,3.0,0.0,0.0,12.0
478,2015,KV ,Philosophy ,79.0,58.0,21.0,0.0,42.0,8.0,10.0,6.0,0.0,0.0,13.0
479,2005,KR ,Photography ,33.0,11.0,22.0,0.0,30.0,3.0,0.0,0.0,0.0,0.0,0.0
480,2010,KR ,Photography ,36.0,9.0,27.0,0.0,29.0,0.0,2.0,4.0,0.0,0.0,1.0
481,2015,KR ,Photography ,9.0,1.0,8.0,0.0,4.0,1.0,0.0,3.0,0.0,0.0,1.0
482,2005,KP ,Physics ,296.0,258.0,38.0,0.0,147.0,16.0,2.0,4.0,0.0,0.0,127.0
483,2005,KV ,Physics ,187.0,145.0,42.0,0.0,119.0,33.0,6.0,4.0,1.0,0.0,24.0
484,2010,KP ,Physics ,260.0,226.0,34.0,0.0,105.0,19.0,2.0,4.0,0.0,0.0,130.0
485,2010,KV ,Physics ,189.0,161.0,27.0,1.0,103.0,28.0,2.0,14.0,0.0,0.0,42.0
486,2015,KP ,Physics ,261.0,203.0,58.0,0.0,92.0,23.0,1.0,10.0,0.0,0.0,135.0
487,2015,KV ,Physics ,386.0,332.0,54.0,0.0,158.0,63.0,4.0,19.0,0.0,0.0,142.0
488,2005,KV ,Plant Biology ,20.0,10.0,10.0,0.0,12.0,2.0,0.0,0.0,1.0,0.0,5.0
489,2010,KV ,Plant Biology ,40.0,17.0,23.0,0.0,31.0,2.0,1.0,0.0,1.0,0.0,5.0
490,2015,KV ,Plant Biology ,36.0,14.0,22.0,0.0,20.0,2.0,0.0,4.0,0.0,0.0,10.0
491,2015,KV ,Plant Biotechnology ,3.0,2.0,1.0,0.0,1.0,1.0,0.0,0.0,0.0,0.0,1.0
492,2005,KV ,Political Science ,1064.0,642.0,419.0,3.0,728.0,88.0,98.0,99.0,6.0,0.0,45.0
493,2010,KV ,Political Science ,913.0,570.0,343.0,0.0,619.0,82.0,66.0,76.0,0.0,0.0,70.0
494,2015,KV ,Political Science ,628.0,370.0,258.0,0.0,362.0,53.0,64.0,82.0,0.0,0.0,67.0
495,2005,KV ,Portuguese ,2.0,1.0,1.0,0.0,0.0,0.0,1.0,0.0,0.0,0.0,1.0
496,2010,KV ,Portuguese ,2.0,1.0,1.0,0.0,0.0,0.0,0.0,1.0,0.0,0.0,1.0
497,2015,KV ,Portuguese ,1.0,0.0,1.0,0.0,0.0,0.0,0.0,1.0,0.0,0.0,0.0
498,2010,KN ,Pre-Early Chld/Elem Ed/Spec Ed ,287.0,21.0,266.0,0.0,227.0,25.0,10.0,15.0,0.0,0.0,10.0
499,2015,KN ,Pre-Early Chld/Elem Ed/Spec Ed ,22.0,3.0,19.0,0.0,12.0,3.0,3.0,3.0,0.0,0.0,1.0
500,2005,LE ,Professional Pilot ,72.0,65.0,7.0,0.0,58.0,2.0,3.0,3.0,0.0,0.0,6.0
501,2010,LE ,Professional Pilot ,48.0,45.0,3.0,0.0,31.0,4.0,3.0,5.0,0.0,0.0,5.0
502,2005,KV ,Psychology ,1376.0,381.0,995.0,0.0,883.0,148.0,120.0,123.0,2.0,0.0,100.0
503,2010,KV ,Psychology ,1446.0,466.0,977.0,3.0,852.0,191.0,87.0,144.0,1.0,0.0,171.0
504,2015,KV ,Psychology ,1480.0,436.0,1044.0,0.0,642.0,235.0,135.0,221.0,0.0,0.0,247.0
505,2010,KY ,Public Health ,13.0,5.0,8.0,0.0,12.0,0.0,0.0,0.0,0.0,0.0,1.0
506,2015,KY ,Public Health ,24.0,4.0,20.0,0.0,12.0,5.0,3.0,3.0,0.0,0.0,1.0
507,2005,KY ,"Recreation, Sport, and Tourism ",36.0,22.0,14.0,0.0,32.0,0.0,1.0,2.0,0.0,0.0,1.0
508,2010,KY ,"Recreation, Sport, and Tourism ",377.0,237.0,139.0,1.0,265.0,9.0,41.0,25.0,2.0,0.0,35.0
509,2015,KY ,"Recreation, Sport, and Tourism ",317.0,211.0,106.0,0.0,208.0,12.0,46.0,18.0,0.0,0.0,33.0
510,2005,KR ,Regional Planning ,28.0,16.0,12.0,0.0,4.0,1.0,0.0,1.0,0.0,0.0,22.0
511,2010,KR ,Regional Planning ,24.0,15.0,9.0,0.0,9.0,3.0,0.0,0.0,0.0,0.0,12.0
512,2015,KR ,Regional Planning ,15.0,9.0,6.0,0.0,4.0,1.0,1.0,1.0,0.0,0.0,8.0
513,2005,KY ,Rehabilitation ,6.0,1.0,5.0,0.0,5.0,0.0,0.0,0.0,0.0,0.0,1.0
514,2010,KY ,Rehabilitation ,6.0,2.0,4.0,0.0,4.0,0.0,0.0,0.0,0.0,0.0,2.0
515,2015,KY ,Rehabilitation ,1.0,1.0,0.0,0.0,1.0,0.0,0.0,0.0,0.0,0.0,0.0
516,2010,KV ,Religion ,15.0,8.0,7.0,0.0,11.0,3.0,0.0,1.0,0.0,0.0,0.0
517,2015,KV ,Religion ,16.0,11.0,5.0,0.0,10.0,0.0,0.0,2.0,0.0,0.0,4.0
518,2005,KV ,Religious Studies ,29.0,17.0,12.0,0.0,18.0,3.0,0.0,5.0,0.0,0.0,3.0
519,2010,KV ,Religious Studies ,8.0,3.0,5.0,0.0,5.0,1.0,0.0,1.0,0.0,0.0,1.0
520,2005,KV ,Rhetoric ,134.0,72.0,62.0,0.0,82.0,4.0,33.0,12.0,1.0,0.0,2.0
521,2010,KV ,Rhetoric ,108.0,62.0,46.0,0.0,61.0,8.0,19.0,11.0,0.0,0.0,9.0
522,2015,KV ,Rhetoric ,8.0,3.0,5.0,0.0,4.0,1.0,1.0,2.0,0.0,0.0,0.0
523,2005,KV ,Russian & E European Studies ,12.0,8.0,4.0,0.0,11.0,0.0,0.0,0.0,0.0,0.0,1.0
524,2010,KV ,Russian & E European Studies ,4.0,4.0,0.0,0.0,2.0,0.0,0.0,0.0,0.0,0.0,2.0
525,2005,KV ,Russian Lang & Literature ,4.0,1.0,3.0,0.0,4.0,0.0,0.0,0.0,0.0,0.0,0.0
526,2010,KV ,Russian Lang & Literature ,4.0,3.0,1.0,0.0,4.0,0.0,0.0,0.0,0.0,0.0,0.0
527,2015,KV ,Russian Lang & Literature ,2.0,1.0,1.0,0.0,2.0,0.0,0.0,0.0,0.0,0.0,0.0
528,2010,KV ,"Russian, E Eur, Eurasian St ",13.0,8.0,5.0,0.0,13.0,0.0,0.0,0.0,0.0,0.0,0.0
529,2015,KV ,"Russian, E Eur, Eurasian St ",12.0,4.0,8.0,0.0,10.0,0.0,0.0,0.0,0.0,0.0,2.0
530,2015,KV ,S Asian & Middle Eastern St ,3.0,3.0,0.0,0.0,2.0,0.0,0.0,0.0,0.0,0.0,1.0
531,2005,KR ,Sculpture ,15.0,8.0,7.0,0.0,9.0,3.0,3.0,0.0,0.0,0.0,0.0
532,2010,KR ,Sculpture ,3.0,1.0,2.0,0.0,3.0,0.0,0.0,0.0,0.0,0.0,0.0
533,2015,KR ,Sculpture ,1.0,0.0,1.0,0.0,0.0,1.0,0.0,0.0,0.0,0.0,0.0
534,2005,KN ,Secondary & Continuing Educ ,112.0,48.0,64.0,0.0,51.0,4.0,10.0,3.0,0.0,0.0,44.0
535,2010,KN ,Secondary & Continuing Educ ,33.0,12.0,21.0,0.0,9.0,1.0,3.0,1.0,0.0,0.0,19.0
536,2015,KN ,Secondary & Continuing Educ ,1.0,1.0,0.0,0.0,1.0,0.0,0.0,0.0,0.0,0.0,0.0
537,2010,KN ,Secondary Education ,13.0,6.0,7.0,0.0,10.0,2.0,0.0,0.0,0.0,0.0,1.0
538,2015,KN ,Secondary Education ,22.0,12.0,10.0,0.0,14.0,6.0,0.0,2.0,0.0,0.0,0.0
539,2005,KV ,Slavic Languages & Literature ,4.0,2.0,2.0,0.0,0.0,0.0,0.0,0.0,0.0,0.0,4.0
540,2010,KV ,Slavic Languages & Literature ,14.0,2.0,12.0,0.0,4.0,1.0,1.0,0.0,0.0,0.0,8.0
541,2015,KV ,Slavic Languages & Literature ,14.0,4.0,10.0,0.0,7.0,0.0,1.0,1.0,0.0,0.0,5.0
542,2015,KV ,Slavic Studies ,1.0,1.0,0.0,0.0,1.0,0.0,0.0,0.0,0.0,0.0,0.0
543,2005,LL ,Social Work ,289.0,19.0,270.0,0.0,207.0,5.0,43.0,15.0,1.0,0.0,18.0
544,2010,LL ,Social Work ,307.0,34.0,273.0,0.0,220.0,13.0,34.0,18.0,0.0,0.0,22.0
545,2015,LL ,Social Work ,468.0,56.0,412.0,0.0,282.0,29.0,61.0,64.0,0.0,0.0,32.0
546,2005,KV ,Sociology ,472.0,156.0,316.0,0.0,198.0,33.0,142.0,69.0,2.0,0.0,28.0
547,2010,KV ,Sociology ,411.0,162.0,249.0,0.0,168.0,40.0,87.0,65.0,0.0,0.0,51.0
548,2015,KV ,Sociology ,241.0,107.0,134.0,0.0,80.0,26.0,43.0,37.0,0.0,0.0,55.0
549,2005,KV ,Spanish ,318.0,97.0,221.0,0.0,182.0,16.0,19.0,65.0,1.0,0.0,35.0
550,2010,KV ,Spanish ,226.0,49.0,177.0,0.0,145.0,11.0,4.0,47.0,0.0,0.0,19.0
551,2015,KV ,Spanish ,121.0,27.0,94.0,0.0,55.0,2.0,8.0,33.0,0.0,0.0,23.0
552,2005,KN ,Special Education ,157.0,15.0,142.0,0.0,121.0,7.0,7.0,3.0,0.0,0.0,19.0
553,2010,KN ,Special Education ,140.0,17.0,123.0,0.0,111.0,5.0,7.0,4.0,0.0,0.0,13.0
554,2015,KN ,Special Education ,172.0,17.0,155.0,0.0,132.0,7.0,6.0,17.0,0.0,0.0,10.0
555,2005,KY ,Speech & Hearing Science ,298.0,13.0,285.0,0.0,250.0,11.0,12.0,9.0,0.0,0.0,16.0
556,2010,KY ,Speech & Hearing Science ,336.0,14.0,322.0,0.0,281.0,11.0,4.0,23.0,1.0,0.0,16.0
557,2015,KY ,Speech & Hearing Science ,350.0,16.0,334.0,0.0,259.0,27.0,10.0,35.0,0.0,0.0,19.0
558,2005,KV ,Speech Communication ,504.0,207.0,297.0,0.0,316.0,27.0,83.0,58.0,5.0,0.0,15.0
559,2010,KV ,Speech Communication ,79.0,28.0,51.0,0.0,52.0,5.0,9.0,11.0,0.0,0.0,2.0
560,2015,KV ,Speech Communication ,2.0,2.0,0.0,0.0,0.0,0.0,1.0,1.0,0.0,0.0,0.0
561,2005,KV ,Statistics ,77.0,44.0,33.0,0.0,30.0,9.0,5.0,3.0,0.0,0.0,30.0
562,2010,KV ,Statistics ,177.0,105.0,72.0,0.0,59.0,30.0,9.0,3.0,0.0,0.0,76.0
563,2015,KV ,Statistics ,336.0,193.0,143.0,0.0,69.0,44.0,4.0,10.0,0.0,0.0,209.0
564,2005,KV ,Statistics & Computer Science ,10.0,9.0,1.0,0.0,3.0,5.0,0.0,0.0,0.0,0.0,2.0
565,2010,KV ,Statistics & Computer Science ,19.0,12.0,7.0,0.0,7.0,2.0,1.0,0.0,0.0,0.0,9.0
566,2015,KV ,Statistics & Computer Science ,107.0,86.0,21.0,0.0,24.0,42.0,0.0,3.0,0.0,0.0,38.0
567,2010,KM ,Supply Chain Management ,52.0,32.0,20.0,0.0,34.0,8.0,0.0,3.0,0.0,0.0,7.0
568,2015,KM ,Supply Chain Management ,92.0,38.0,54.0,0.0,65.0,14.0,0.0,3.0,0.0,0.0,10.0
569,2005,KP ,Systems & Entrepreneurial Engr ,27.0,24.0,3.0,0.0,7.0,1.0,1.0,0.0,0.0,0.0,18.0
570,2010,KP ,Systems & Entrepreneurial Engr ,26.0,21.0,5.0,0.0,12.0,0.0,1.0,0.0,0.0,0.0,13.0
571,2015,KP ,Systems & Entrepreneurial Engr ,28.0,21.0,7.0,0.0,9.0,0.0,1.0,0.0,0.0,0.0,18.0
572,2010,KM ,Taxation ,29.0,16.0,13.0,0.0,12.0,4.0,3.0,0.0,0.0,0.0,10.0
573,2015,KM ,Taxation ,24.0,7.0,17.0,0.0,10.0,4.0,3.0,0.0,0.0,0.0,7.0
574,2005,KV ,Teaching of Biological Science ,1.0,0.0,1.0,0.0,1.0,0.0,0.0,0.0,0.0,0.0,0.0
575,2010,KV ,Teaching of Biological Science ,2.0,1.0,1.0,0.0,2.0,0.0,0.0,0.0,0.0,0.0,0.0
576,2005,KV ,Teaching of Chemistry ,12.0,3.0,9.0,0.0,12.0,0.0,0.0,0.0,0.0,0.0,0.0
577,2010,KV ,Teaching of Chemistry ,2.0,2.0,0.0,0.0,2.0,0.0,0.0,0.0,0.0,0.0,0.0
578,2015,KV ,Teaching of Chemistry ,2.0,1.0,1.0,0.0,2.0,0.0,0.0,0.0,0.0,0.0,0.0
579,2005,KV ,Teaching of English Sec Lang ,50.0,12.0,38.0,0.0,10.0,2.0,0.0,0.0,0.0,0.0,38.0
580,2010,KV ,Teaching of English Sec Lang ,59.0,10.0,49.0,0.0,18.0,8.0,1.0,2.0,0.0,0.0,30.0
581,2015,KV ,Teaching of English Sec Lang ,39.0,12.0,27.0,0.0,18.0,1.0,0.0,0.0,0.0,0.0,20.0
582,2005,KV ,Teaching of French ,8.0,2.0,6.0,0.0,6.0,1.0,0.0,0.0,0.0,0.0,1.0
583,2010,KV ,Teaching of French ,4.0,0.0,4.0,0.0,3.0,0.0,0.0,0.0,0.0,0.0,1.0
584,2015,KV ,Teaching of French ,2.0,0.0,2.0,0.0,2.0,0.0,0.0,0.0,0.0,0.0,0.0
585,2005,KV ,Teaching of German ,2.0,1.0,1.0,0.0,2.0,0.0,0.0,0.0,0.0,0.0,0.0
586,2010,KV ,Teaching of German ,3.0,1.0,2.0,0.0,2.0,1.0,0.0,0.0,0.0,0.0,0.0
587,2015,KV ,Teaching of German ,1.0,0.0,1.0,0.0,1.0,0.0,0.0,0.0,0.0,0.0,0.0
588,2005,KV ,Teaching of Latin ,1.0,1.0,0.0,0.0,1.0,0.0,0.0,0.0,0.0,0.0,0.0
589,2010,KV ,Teaching of Latin ,1.0,0.0,1.0,0.0,0.0,0.0,0.0,0.0,0.0,0.0,1.0
590,2015,KV ,Teaching of Latin ,2.0,1.0,1.0,0.0,2.0,0.0,0.0,0.0,0.0,0.0,0.0
591,2005,KV ,Teaching of Mathematics ,2.0,1.0,1.0,0.0,1.0,0.0,0.0,0.0,0.0,0.0,1.0
592,2010,KV ,Teaching of Mathematics ,4.0,3.0,1.0,0.0,4.0,0.0,0.0,0.0,0.0,0.0,0.0
593,2015,KV ,Teaching of Mathematics ,1.0,1.0,0.0,0.0,1.0,0.0,0.0,0.0,0.0,0.0,0.0
594,2010,KP ,Teaching of Physics ,1.0,1.0,0.0,0.0,0.0,0.0,1.0,0.0,0.0,0.0,0.0
595,2005,KV ,Teaching of Spanish ,27.0,3.0,24.0,0.0,22.0,2.0,0.0,1.0,0.0,0.0,2.0
596,2010,KV ,Teaching of Spanish ,25.0,6.0,19.0,0.0,22.0,1.0,0.0,1.0,0.0,0.0,1.0
597,2015,KV ,Teaching of Spanish ,10.0,0.0,10.0,0.0,6.0,0.0,0.0,4.0,0.0,0.0,0.0
598,2005,KL ,Technical Systems Management ,92.0,86.0,6.0,0.0,82.0,0.0,2.0,6.0,0.0,0.0,2.0
599,2010,KL ,Technical Systems Management ,149.0,139.0,10.0,0.0,102.0,10.0,12.0,14.0,0.0,0.0,11.0
600,2015,KL ,Technical Systems Management ,205.0,181.0,24.0,0.0,111.0,25.0,28.0,25.0,1.0,0.0,15.0
601,2010,KM ,Technology Management ,59.0,42.0,17.0,0.0,1.0,3.0,0.0,0.0,0.0,0.0,55.0
602,2015,KM ,Technology Management ,138.0,79.0,59.0,0.0,20.0,10.0,1.0,0.0,0.0,0.0,107.0
603,2005,KR ,Theatre ,199.0,94.0,105.0,0.0,167.0,1.0,11.0,7.0,1.0,0.0,12.0
604,2010,KR ,Theatre ,176.0,71.0,104.0,1.0,124.0,2.0,14.0,14.0,0.0,0.0,22.0
605,2015,KR ,Theatre ,160.0,72.0,88.0,0.0,108.0,2.0,16.0,18.0,1.0,0.0,15.0
606,2005,KP ,Theoretical & Applied Mechans ,67.0,58.0,9.0,0.0,23.0,2.0,0.0,0.0,0.0,0.0,42.0
607,2010,KP ,Theoretical & Applied Mechans ,45.0,37.0,8.0,0.0,21.0,0.0,0.0,2.0,0.0,0.0,22.0
608,2015,KP ,Theoretical & Applied Mechans ,47.0,39.0,8.0,0.0,17.0,3.0,0.0,1.0,0.0,0.0,26.0
609,2015,KV ,Translation and Interpreting ,12.0,2.0,10.0,0.0,6.0,0.0,2.0,1.0,0.0,0.0,3.0
610,2010,KW ,Undeclared ,2927.0,1553.0,1373.0,1.0,1757.0,377.0,214.0,268.0,5.0,0.0,306.0
611,2015,KW ,Undeclared ,2790.0,1650.0,1140.0,0.0,1237.0,449.0,211.0,419.0,2.0,0.0,472.0
612,2005,KR ,Urban Planning ,191.0,98.0,93.0,0.0,138.0,11.0,12.0,7.0,0.0,0.0,23.0
613,2010,KR ,Urban Planning ,149.0,85.0,64.0,0.0,82.0,11.0,17.0,16.0,0.0,0.0,23.0
614,2015,KR ,Urban Planning ,142.0,62.0,80.0,0.0,63.0,9.0,10.0,7.0,0.0,0.0,53.0
615,2015,LC ,VMS - Comparative Biosciences ,16.0,3.0,13.0,0.0,7.0,2.0,0.0,1.0,0.0,0.0,6.0
616,2010,LC ,VMS - Pathobiology ,5.0,1.0,4.0,0.0,4.0,0.0,0.0,0.0,0.0,0.0,1.0
617,2015,LC ,VMS - Pathobiology ,21.0,12.0,9.0,0.0,11.0,2.0,0.0,0.0,0.0,0.0,8.0
618,2005,LC ,VMS - Veterinary Biosciences ,18.0,6.0,12.0,0.0,9.0,0.0,1.0,0.0,0.0,0.0,8.0
619,2010,LC ,VMS - Veterinary Biosciences ,15.0,5.0,10.0,0.0,6.0,0.0,0.0,1.0,0.0,0.0,8.0
620,2005,LC ,VMS - Veterinary Pathobiology ,24.0,6.0,18.0,0.0,10.0,2.0,1.0,3.0,0.0,0.0,8.0
621,2010,LC ,VMS - Veterinary Pathobiology ,14.0,8.0,6.0,0.0,5.0,1.0,1.0,1.0,0.0,0.0,6.0
622,2015,LC ,VMS - Veterinary Pathobiology ,1.0,1.0,0.0,0.0,0.0,0.0,0.0,0.0,0.0,0.0,1.0
623,2005,LC ,VMS-Veterinary Clinical Medcne ,27.0,12.0,15.0,0.0,11.0,1.0,1.0,0.0,0.0,0.0,14.0
624,2010,LC ,VMS-Veterinary Clinical Medcne ,32.0,9.0,23.0,0.0,22.0,0.0,1.0,1.0,0.0,0.0,8.0
625,2015,LC ,VMS-Veterinary Clinical Medcne ,38.0,8.0,30.0,0.0,29.0,2.0,0.0,2.0,0.0,0.0,5.0
626,2005,LC ,Veterinary Medicine ,404.0,92.0,312.0,0.0,297.0,14.0,3.0,7.0,1.0,0.0,82.0
627,2010,LC ,Veterinary Medicine ,478.0,95.0,381.0,2.0,406.0,18.0,2.0,26.0,0.0,0.0,26.0
628,2015,LC ,Veterinary Medicine ,491.0,70.0,420.0,0.0,375.0,14.0,2.0,13.0,0.0,1.0,86.0
629,2005,KR ,Voice ,19.0,3.0,16.0,0.0,13.0,2.0,3.0,0.0,0.0,0.0,1.0
630,2010,KR ,Voice ,32.0,6.0,26.0,0.0,27.0,2.0,2.0,1.0,0.0,0.0,0.0
631,2015,KR ,Voice ,28.0,6.0,22.0,0.0,20.0,0.0,2.0,4.0,0.0,0.0,2.0
